Filename;Segment;WC;WPS;Sixltr;Dic;funct;pronoun;ppron;i;we;you;shehe;they;ipron;article;verb;auxverb;past;present;future;adverb;preps;conj;negate;quant;number;swear;social;family;friend;humans;affect;posemo;negemo;anx;anger;sad;cogmech;insight;cause;discrep;tentat;certain;inhib;incl;excl;percept;see;hear;feel;bio;body;health;sexual;ingest;relativ;motion;space;time;work;achieve;leisure;home;money;relig;death;assent;nonfl;filler;AllPunc;Period;Comma;Colon;SemiC;QMark;Exclam;Dash;Quote;Apostro;Parenth;OtherP
governo-temer_df_texto_favor.txt;1;1;1,00;0,00;0,00;0,00;0,00;0,00;0,00;0,00;0,00;0,00;0,00;0,00;0,00;0,00;0,00;0,00;0,00;0,00;0,00;0,00;0,00;0,00;0,00;0,00;0,00;0,00;0,00;0,00;0,00;0,00;0,00;0,00;0,00;0,00;0,00;0,00;0,00;0,00;0,00;0,00;0,00;0,00;0,00;0,00;0,00;0,00;0,00;0,00;0,00;0,00;0,00;0,00;0,00;0,00;0,00;0,00;0,00;0,00;0,00;0,00;0,00;0,00;0,00;0,00;0,00;0,00;0,00;0,00;0,00;0,00;0,00;0,00;0,00;0,00;0,00;0,00;0,00;0,00;0,00
governo-temer_df_texto_favor.txt;2;10;10,00;20,00;70,00;40,00;10,00;10,00;10,00;0,00;0,00;0,00;0,00;0,00;0,00;0,00;0,00;0,00;0,00;0,00;20,00;10,00;0,00;0,00;0,00;0,00;10,00;20,00;10,00;0,00;10,00;10,00;0,00;10,00;0,00;0,00;10,00;20,00;0,00;0,00;0,00;20,00;10,00;0,00;0,00;10,00;0,00;0,00;0,00;0,00;0,00;0,00;0,00;0,00;0,00;10,00;0,00;0,00;0,00;0,00;0,00;0,00;0,00;0,00;0,00;0,00;0,00;0,00;0,00;70,00;0,00;20,00;0,00;0,00;0,00;0,00;0,00;20,00;20,00;0,00;10,00
governo-temer_df_texto_favor.txt;3;4;4,00;50,00;0,00;0,00;0,00;0,00;0,00;0,00;0,00;0,00;0,00;0,00;0,00;0,00;0,00;0,00;0,00;0,00;0,00;0,00;0,00;0,00;0,00;0,00;0,00;0,00;0,00;0,00;0,00;0,00;0,00;0,00;0,00;0,00;0,00;0,00;0,00;0,00;0,00;0,00;0,00;0,00;0,00;0,00;0,00;0,00;0,00;0,00;0,00;0,00;0,00;0,00;0,00;0,00;0,00;0,00;0,00;0,00;0,00;0,00;0,00;0,00;0,00;0,00;0,00;0,00;0,00;175,00;0,00;0,00;25,00;0,00;0,00;0,00;0,00;0,00;50,00;0,00;100,00
governo-temer_df_texto_favor.txt;4;9;9,00;44,44;33,33;11,11;11,11;0,00;0,00;0,00;0,00;0,00;0,00;11,11;0,00;22,22;0,00;0,00;22,22;0,00;0,00;0,00;0,00;0,00;0,00;0,00;11,11;0,00;0,00;0,00;0,00;0,00;0,00;0,00;0,00;0,00;0,00;0,00;0,00;0,00;0,00;0,00;0,00;0,00;0,00;0,00;0,00;0,00;0,00;0,00;0,00;0,00;0,00;0,00;0,00;11,11;11,11;0,00;0,00;0,00;0,00;0,00;0,00;0,00;0,00;0,00;0,00;11,11;0,00;77,78;0,00;0,00;11,11;0,00;0,00;0,00;0,00;0,00;22,22;0,00;44,44
governo-temer_df_texto_favor.txt;5;11;11,00;45,45;27,27;9,09;9,09;0,00;0,00;0,00;0,00;0,00;0,00;9,09;0,00;18,18;0,00;0,00;18,18;0,00;0,00;0,00;0,00;0,00;0,00;0,00;9,09;0,00;0,00;0,00;0,00;0,00;0,00;0,00;0,00;0,00;0,00;0,00;0,00;0,00;0,00;0,00;0,00;0,00;0,00;0,00;0,00;0,00;0,00;0,00;0,00;0,00;0,00;0,00;0,00;9,09;9,09;0,00;0,00;0,00;0,00;0,00;0,00;0,00;0,00;0,00;0,00;9,09;0,00;81,82;0,00;0,00;18,18;0,00;0,00;0,00;0,00;0,00;18,18;0,00;45,45
governo-temer_df_texto_favor.txt;6;11;11,00;45,45;27,27;9,09;9,09;0,00;0,00;0,00;0,00;0,00;0,00;9,09;0,00;18,18;0,00;0,00;18,18;0,00;0,00;0,00;0,00;0,00;0,00;0,00;9,09;0,00;0,00;0,00;0,00;0,00;0,00;0,00;0,00;0,00;0,00;0,00;0,00;0,00;0,00;0,00;0,00;0,00;0,00;0,00;0,00;0,00;0,00;0,00;0,00;0,00;0,00;0,00;0,00;9,09;9,09;0,00;0,00;0,00;0,00;0,00;0,00;0,00;0,00;0,00;0,00;9,09;0,00;81,82;0,00;0,00;18,18;0,00;0,00;0,00;0,00;0,00;18,18;0,00;45,45
governo-temer_df_texto_favor.txt;7;11;11,00;45,45;27,27;9,09;9,09;0,00;0,00;0,00;0,00;0,00;0,00;9,09;0,00;18,18;0,00;0,00;18,18;0,00;0,00;0,00;0,00;0,00;0,00;0,00;9,09;0,00;0,00;0,00;0,00;0,00;0,00;0,00;0,00;0,00;0,00;0,00;0,00;0,00;0,00;0,00;0,00;0,00;0,00;0,00;0,00;0,00;0,00;0,00;0,00;0,00;0,00;0,00;0,00;9,09;9,09;0,00;0,00;0,00;0,00;0,00;0,00;0,00;0,00;0,00;0,00;9,09;0,00;81,82;0,00;0,00;18,18;0,00;0,00;0,00;0,00;0,00;18,18;0,00;45,45
governo-temer_df_texto_favor.txt;8;11;11,00;45,45;27,27;9,09;9,09;0,00;0,00;0,00;0,00;0,00;0,00;9,09;0,00;18,18;0,00;0,00;18,18;0,00;0,00;0,00;0,00;0,00;0,00;0,00;9,09;0,00;0,00;0,00;0,00;0,00;0,00;0,00;0,00;0,00;0,00;0,00;0,00;0,00;0,00;0,00;0,00;0,00;0,00;0,00;0,00;0,00;0,00;0,00;0,00;0,00;0,00;0,00;0,00;9,09;9,09;0,00;0,00;0,00;0,00;0,00;0,00;0,00;0,00;0,00;0,00;9,09;0,00;81,82;0,00;0,00;18,18;0,00;0,00;0,00;0,00;0,00;18,18;0,00;45,45
governo-temer_df_texto_favor.txt;9;11;11,00;45,45;27,27;9,09;9,09;0,00;0,00;0,00;0,00;0,00;0,00;9,09;0,00;18,18;0,00;0,00;18,18;0,00;0,00;0,00;0,00;0,00;0,00;0,00;9,09;0,00;0,00;0,00;0,00;0,00;0,00;0,00;0,00;0,00;0,00;0,00;0,00;0,00;0,00;0,00;0,00;0,00;0,00;0,00;0,00;0,00;0,00;0,00;0,00;0,00;0,00;0,00;0,00;9,09;9,09;0,00;0,00;0,00;0,00;0,00;0,00;0,00;0,00;0,00;0,00;9,09;0,00;81,82;0,00;0,00;18,18;0,00;0,00;0,00;0,00;0,00;18,18;0,00;45,45
governo-temer_df_texto_favor.txt;10;6;6,00;50,00;0,00;0,00;0,00;0,00;0,00;0,00;0,00;0,00;0,00;0,00;0,00;0,00;0,00;0,00;0,00;0,00;0,00;0,00;0,00;0,00;0,00;0,00;0,00;0,00;0,00;0,00;0,00;0,00;0,00;0,00;0,00;0,00;0,00;0,00;0,00;0,00;0,00;0,00;0,00;0,00;0,00;0,00;0,00;0,00;0,00;0,00;0,00;0,00;0,00;0,00;0,00;0,00;0,00;0,00;0,00;0,00;0,00;0,00;0,00;0,00;0,00;0,00;0,00;0,00;0,00;150,00;0,00;0,00;33,33;0,00;0,00;0,00;0,00;0,00;33,33;0,00;83,33
governo-temer_df_texto_favor.txt;11;11;11,00;45,45;27,27;9,09;9,09;0,00;0,00;0,00;0,00;0,00;0,00;9,09;0,00;18,18;0,00;0,00;18,18;0,00;0,00;0,00;0,00;0,00;0,00;0,00;9,09;0,00;0,00;0,00;0,00;0,00;0,00;0,00;0,00;0,00;0,00;0,00;0,00;0,00;0,00;0,00;0,00;0,00;0,00;0,00;0,00;0,00;0,00;0,00;0,00;0,00;0,00;0,00;0,00;9,09;9,09;0,00;0,00;0,00;0,00;0,00;0,00;0,00;0,00;0,00;0,00;9,09;0,00;81,82;0,00;0,00;18,18;0,00;0,00;0,00;0,00;0,00;18,18;0,00;45,45
governo-temer_df_texto_favor.txt;12;3;3,00;33,33;0,00;0,00;0,00;0,00;0,00;0,00;0,00;0,00;0,00;0,00;0,00;0,00;0,00;0,00;0,00;0,00;0,00;0,00;0,00;0,00;0,00;0,00;0,00;0,00;0,00;0,00;0,00;0,00;0,00;0,00;0,00;0,00;0,00;0,00;0,00;0,00;0,00;0,00;0,00;0,00;0,00;0,00;0,00;0,00;0,00;0,00;0,00;0,00;0,00;0,00;0,00;0,00;0,00;0,00;0,00;0,00;0,00;0,00;0,00;0,00;0,00;0,00;0,00;0,00;0,00;200,00;0,00;0,00;33,33;0,00;0,00;0,00;0,00;0,00;66,67;0,00;100,00
governo-temer_df_texto_favor.txt;13;1;1,00;0,00;0,00;0,00;0,00;0,00;0,00;0,00;0,00;0,00;0,00;0,00;0,00;0,00;0,00;0,00;0,00;0,00;0,00;0,00;0,00;0,00;0,00;0,00;0,00;0,00;0,00;0,00;0,00;0,00;0,00;0,00;0,00;0,00;0,00;0,00;0,00;0,00;0,00;0,00;0,00;0,00;0,00;0,00;0,00;0,00;0,00;0,00;0,00;0,00;0,00;0,00;0,00;0,00;0,00;0,00;0,00;0,00;0,00;0,00;0,00;0,00;0,00;0,00;0,00;0,00;0,00;300,00;0,00;0,00;0,00;0,00;0,00;0,00;0,00;0,00;200,00;0,00;100,00
governo-temer_df_texto_favor.txt;14;1;1,00;100,00;0,00;0,00;0,00;0,00;0,00;0,00;0,00;0,00;0,00;0,00;0,00;0,00;0,00;0,00;0,00;0,00;0,00;0,00;0,00;0,00;0,00;0,00;0,00;0,00;0,00;0,00;0,00;0,00;0,00;0,00;0,00;0,00;0,00;0,00;0,00;0,00;0,00;0,00;0,00;0,00;0,00;0,00;0,00;0,00;0,00;0,00;0,00;0,00;0,00;0,00;0,00;0,00;0,00;0,00;0,00;0,00;0,00;0,00;0,00;0,00;0,00;0,00;0,00;0,00;0,00;300,00;0,00;0,00;0,00;0,00;0,00;0,00;0,00;0,00;200,00;0,00;100,00
governo-temer_df_texto_favor.txt;15;8;8,00;37,50;87,50;37,50;12,50;0,00;0,00;0,00;0,00;0,00;0,00;12,50;0,00;25,00;12,50;0,00;12,50;0,00;0,00;12,50;0,00;0,00;0,00;0,00;0,00;0,00;0,00;0,00;12,50;0,00;0,00;0,00;0,00;0,00;0,00;37,50;25,00;12,50;0,00;0,00;12,50;0,00;12,50;0,00;12,50;12,50;0,00;0,00;0,00;0,00;0,00;0,00;12,50;50,00;0,00;12,50;25,00;12,50;12,50;0,00;0,00;0,00;0,00;0,00;0,00;0,00;0,00;62,50;0,00;12,50;0,00;0,00;0,00;0,00;0,00;25,00;25,00;0,00;0,00
governo-temer_df_texto_favor.txt;16;10;10,00;20,00;70,00;40,00;10,00;10,00;0,00;0,00;10,00;10,00;0,00;10,00;10,00;10,00;10,00;0,00;10,00;0,00;0,00;10,00;20,00;0,00;10,00;0,00;0,00;10,00;0,00;0,00;10,00;20,00;10,00;10,00;10,00;0,00;0,00;20,00;0,00;0,00;0,00;0,00;0,00;0,00;20,00;10,00;10,00;10,00;0,00;0,00;0,00;0,00;0,00;0,00;0,00;10,00;0,00;0,00;0,00;0,00;0,00;10,00;0,00;0,00;0,00;0,00;0,00;0,00;0,00;30,00;0,00;0,00;0,00;0,00;0,00;0,00;0,00;0,00;20,00;0,00;10,00
governo-temer_df_texto_favor.txt;17;3;3,00;33,33;0,00;0,00;0,00;0,00;0,00;0,00;0,00;0,00;0,00;0,00;0,00;0,00;0,00;0,00;0,00;0,00;0,00;0,00;0,00;0,00;0,00;0,00;0,00;0,00;0,00;0,00;0,00;0,00;0,00;0,00;0,00;0,00;0,00;0,00;0,00;0,00;0,00;0,00;0,00;0,00;0,00;0,00;0,00;0,00;0,00;0,00;0,00;0,00;0,00;0,00;0,00;0,00;0,00;0,00;0,00;0,00;0,00;0,00;0,00;0,00;0,00;0,00;0,00;0,00;0,00;200,00;0,00;0,00;33,33;0,00;0,00;0,00;0,00;0,00;66,67;0,00;100,00
governo-temer_df_texto_favor.txt;18;1;1,00;100,00;0,00;0,00;0,00;0,00;0,00;0,00;0,00;0,00;0,00;0,00;0,00;0,00;0,00;0,00;0,00;0,00;0,00;0,00;0,00;0,00;0,00;0,00;0,00;0,00;0,00;0,00;0,00;0,00;0,00;0,00;0,00;0,00;0,00;0,00;0,00;0,00;0,00;0,00;0,00;0,00;0,00;0,00;0,00;0,00;0,00;0,00;0,00;0,00;0,00;0,00;0,00;0,00;0,00;0,00;0,00;0,00;0,00;0,00;0,00;0,00;0,00;0,00;0,00;0,00;0,00;300,00;0,00;0,00;0,00;0,00;0,00;0,00;0,00;0,00;200,00;0,00;100,00
governo-temer_df_texto_favor.txt;19;17;17,00;35,29;64,71;23,53;5,88;11,76;0,00;5,88;5,88;5,88;0,00;5,88;5,88;23,53;0,00;5,88;17,65;0,00;11,76;5,88;5,88;0,00;0,00;5,88;11,76;5,88;0,00;5,88;5,88;11,76;0,00;11,76;0,00;5,88;0,00;17,65;5,88;5,88;0,00;0,00;0,00;5,88;5,88;0,00;5,88;5,88;0,00;0,00;11,76;0,00;0,00;11,76;17,65;29,41;5,88;5,88;11,76;0,00;0,00;0,00;0,00;0,00;0,00;0,00;0,00;0,00;0,00;64,71;0,00;0,00;0,00;0,00;0,00;0,00;0,00;0,00;11,76;0,00;52,94
governo-temer_df_texto_favor.txt;20;3;3,00;33,33;0,00;0,00;0,00;0,00;0,00;0,00;0,00;0,00;0,00;0,00;0,00;0,00;0,00;0,00;0,00;0,00;0,00;0,00;0,00;0,00;0,00;0,00;0,00;0,00;0,00;0,00;0,00;0,00;0,00;0,00;0,00;0,00;0,00;0,00;0,00;0,00;0,00;0,00;0,00;0,00;0,00;0,00;0,00;0,00;0,00;0,00;0,00;0,00;0,00;0,00;0,00;0,00;0,00;0,00;0,00;0,00;0,00;0,00;0,00;0,00;0,00;0,00;0,00;0,00;0,00;200,00;0,00;0,00;33,33;0,00;0,00;0,00;0,00;0,00;66,67;0,00;100,00
governo-temer_df_texto_favor.txt;21;1;1,00;100,00;0,00;0,00;0,00;0,00;0,00;0,00;0,00;0,00;0,00;0,00;0,00;0,00;0,00;0,00;0,00;0,00;0,00;0,00;0,00;0,00;0,00;0,00;0,00;0,00;0,00;0,00;0,00;0,00;0,00;0,00;0,00;0,00;0,00;0,00;0,00;0,00;0,00;0,00;0,00;0,00;0,00;0,00;0,00;0,00;0,00;0,00;0,00;0,00;0,00;0,00;0,00;0,00;0,00;0,00;0,00;0,00;0,00;0,00;0,00;0,00;0,00;0,00;0,00;0,00;0,00;300,00;0,00;0,00;0,00;0,00;0,00;0,00;0,00;0,00;200,00;0,00;100,00
governo-temer_df_texto_favor.txt;22;1;1,00;100,00;0,00;0,00;0,00;0,00;0,00;0,00;0,00;0,00;0,00;0,00;0,00;0,00;0,00;0,00;0,00;0,00;0,00;0,00;0,00;0,00;0,00;0,00;0,00;0,00;0,00;0,00;0,00;0,00;0,00;0,00;0,00;0,00;0,00;0,00;0,00;0,00;0,00;0,00;0,00;0,00;0,00;0,00;0,00;0,00;0,00;0,00;0,00;0,00;0,00;0,00;0,00;0,00;0,00;0,00;0,00;0,00;0,00;0,00;0,00;0,00;0,00;0,00;0,00;0,00;0,00;300,00;0,00;0,00;0,00;0,00;0,00;0,00;0,00;0,00;200,00;0,00;100,00
governo-temer_df_texto_favor.txt;23;4;4,00;50,00;0,00;0,00;0,00;0,00;0,00;0,00;0,00;0,00;0,00;0,00;0,00;0,00;0,00;0,00;0,00;0,00;0,00;0,00;0,00;0,00;0,00;0,00;0,00;0,00;0,00;0,00;0,00;0,00;0,00;0,00;0,00;0,00;0,00;0,00;0,00;0,00;0,00;0,00;0,00;0,00;0,00;0,00;0,00;0,00;0,00;0,00;0,00;0,00;0,00;0,00;0,00;0,00;0,00;0,00;0,00;0,00;0,00;0,00;0,00;0,00;0,00;0,00;0,00;0,00;0,00;175,00;0,00;0,00;25,00;0,00;0,00;0,00;0,00;0,00;50,00;0,00;100,00
governo-temer_df_texto_favor.txt;24;17;17,00;35,29;35,29;11,76;11,76;11,76;0,00;0,00;11,76;11,76;0,00;11,76;11,76;0,00;0,00;0,00;0,00;0,00;0,00;5,88;0,00;0,00;0,00;0,00;0,00;11,76;0,00;0,00;0,00;5,88;5,88;0,00;0,00;0,00;0,00;5,88;0,00;0,00;0,00;0,00;0,00;0,00;5,88;0,00;0,00;0,00;0,00;0,00;0,00;0,00;0,00;0,00;5,88;5,88;0,00;5,88;5,88;5,88;0,00;0,00;0,00;5,88;0,00;0,00;0,00;5,88;0,00;64,71;0,00;0,00;5,88;0,00;0,00;0,00;0,00;0,00;11,76;0,00;47,06
governo-temer_df_texto_favor.txt;25;3;3,00;33,33;0,00;0,00;0,00;0,00;0,00;0,00;0,00;0,00;0,00;0,00;0,00;0,00;0,00;0,00;0,00;0,00;0,00;0,00;0,00;0,00;0,00;0,00;0,00;0,00;0,00;0,00;0,00;0,00;0,00;0,00;0,00;0,00;0,00;0,00;0,00;0,00;0,00;0,00;0,00;0,00;0,00;0,00;0,00;0,00;0,00;0,00;0,00;0,00;0,00;0,00;0,00;0,00;0,00;0,00;0,00;0,00;0,00;0,00;0,00;0,00;0,00;0,00;0,00;0,00;0,00;200,00;0,00;0,00;33,33;0,00;0,00;0,00;0,00;0,00;66,67;0,00;100,00
governo-temer_df_texto_favor.txt;26;4;4,00;75,00;25,00;25,00;25,00;25,00;0,00;0,00;25,00;0,00;25,00;0,00;0,00;0,00;0,00;0,00;0,00;0,00;0,00;0,00;0,00;0,00;0,00;0,00;0,00;25,00;0,00;0,00;0,00;0,00;0,00;0,00;0,00;0,00;0,00;0,00;0,00;0,00;0,00;0,00;0,00;0,00;0,00;0,00;0,00;0,00;0,00;0,00;25,00;25,00;0,00;0,00;0,00;0,00;0,00;0,00;0,00;0,00;0,00;0,00;0,00;0,00;0,00;0,00;0,00;0,00;0,00;100,00;0,00;0,00;0,00;0,00;0,00;0,00;0,00;0,00;50,00;0,00;50,00
governo-temer_df_texto_favor.txt;27;9;9,00;22,22;88,89;55,56;22,22;22,22;0,00;0,00;22,22;22,22;0,00;22,22;22,22;22,22;0,00;0,00;11,11;0,00;0,00;22,22;11,11;0,00;0,00;0,00;0,00;33,33;0,00;0,00;22,22;22,22;11,11;0,00;0,00;0,00;0,00;66,67;22,22;22,22;11,11;0,00;11,11;11,11;22,22;11,11;11,11;11,11;0,00;0,00;0,00;0,00;0,00;0,00;11,11;22,22;0,00;11,11;44,44;11,11;22,22;0,00;0,00;0,00;0,00;0,00;0,00;0,00;0,00;22,22;0,00;0,00;0,00;0,00;0,00;0,00;0,00;0,00;22,22;0,00;0,00
governo-temer_df_texto_favor.txt;28;1;1,00;100,00;0,00;0,00;0,00;0,00;0,00;0,00;0,00;0,00;0,00;0,00;0,00;0,00;0,00;0,00;0,00;0,00;0,00;0,00;0,00;0,00;0,00;0,00;0,00;0,00;0,00;0,00;0,00;0,00;0,00;0,00;0,00;0,00;0,00;0,00;0,00;0,00;0,00;0,00;0,00;0,00;0,00;0,00;0,00;0,00;0,00;0,00;0,00;0,00;0,00;0,00;0,00;0,00;0,00;0,00;0,00;0,00;0,00;0,00;0,00;0,00;0,00;0,00;0,00;0,00;0,00;300,00;0,00;0,00;0,00;0,00;0,00;0,00;0,00;0,00;200,00;0,00;100,00
governo-temer_df_texto_favor.txt;29;1;1,00;100,00;0,00;0,00;0,00;0,00;0,00;0,00;0,00;0,00;0,00;0,00;0,00;0,00;0,00;0,00;0,00;0,00;0,00;0,00;0,00;0,00;0,00;0,00;0,00;0,00;0,00;0,00;0,00;0,00;0,00;0,00;0,00;0,00;0,00;0,00;0,00;0,00;0,00;0,00;0,00;0,00;0,00;0,00;0,00;0,00;0,00;0,00;0,00;0,00;0,00;0,00;0,00;0,00;0,00;0,00;0,00;0,00;0,00;0,00;0,00;0,00;0,00;0,00;0,00;0,00;0,00;300,00;0,00;0,00;0,00;0,00;0,00;0,00;0,00;0,00;200,00;0,00;100,00
governo-temer_df_texto_favor.txt;30;3;3,00;33,33;0,00;0,00;0,00;0,00;0,00;0,00;0,00;0,00;0,00;0,00;0,00;0,00;0,00;0,00;0,00;0,00;0,00;0,00;0,00;0,00;0,00;0,00;0,00;0,00;0,00;0,00;0,00;0,00;0,00;0,00;0,00;0,00;0,00;0,00;0,00;0,00;0,00;0,00;0,00;0,00;0,00;0,00;0,00;0,00;0,00;0,00;0,00;0,00;0,00;0,00;0,00;0,00;0,00;0,00;0,00;0,00;0,00;0,00;0,00;0,00;0,00;0,00;0,00;0,00;0,00;200,00;0,00;0,00;33,33;0,00;0,00;0,00;0,00;0,00;66,67;0,00;100,00
governo-temer_df_texto_favor.txt;31;3;3,00;33,33;0,00;0,00;0,00;0,00;0,00;0,00;0,00;0,00;0,00;0,00;0,00;0,00;0,00;0,00;0,00;0,00;0,00;0,00;0,00;0,00;0,00;0,00;0,00;0,00;0,00;0,00;0,00;0,00;0,00;0,00;0,00;0,00;0,00;0,00;0,00;0,00;0,00;0,00;0,00;0,00;0,00;0,00;0,00;0,00;0,00;0,00;0,00;0,00;0,00;0,00;0,00;0,00;0,00;0,00;0,00;0,00;0,00;0,00;0,00;0,00;0,00;0,00;0,00;0,00;0,00;200,00;0,00;0,00;33,33;0,00;0,00;0,00;0,00;0,00;66,67;0,00;100,00
governo-temer_df_texto_favor.txt;32;3;3,00;33,33;0,00;0,00;0,00;0,00;0,00;0,00;0,00;0,00;0,00;0,00;0,00;0,00;0,00;0,00;0,00;0,00;0,00;0,00;0,00;0,00;0,00;0,00;0,00;0,00;0,00;0,00;0,00;0,00;0,00;0,00;0,00;0,00;0,00;0,00;0,00;0,00;0,00;0,00;0,00;0,00;0,00;0,00;0,00;0,00;0,00;0,00;0,00;0,00;0,00;0,00;0,00;0,00;0,00;0,00;0,00;0,00;0,00;0,00;0,00;0,00;0,00;0,00;0,00;0,00;0,00;200,00;0,00;0,00;33,33;0,00;0,00;0,00;0,00;0,00;66,67;0,00;100,00
governo-temer_df_texto_favor.txt;33;3;3,00;33,33;0,00;0,00;0,00;0,00;0,00;0,00;0,00;0,00;0,00;0,00;0,00;0,00;0,00;0,00;0,00;0,00;0,00;0,00;0,00;0,00;0,00;0,00;0,00;0,00;0,00;0,00;0,00;0,00;0,00;0,00;0,00;0,00;0,00;0,00;0,00;0,00;0,00;0,00;0,00;0,00;0,00;0,00;0,00;0,00;0,00;0,00;0,00;0,00;0,00;0,00;0,00;0,00;0,00;0,00;0,00;0,00;0,00;0,00;0,00;0,00;0,00;0,00;0,00;0,00;0,00;200,00;0,00;0,00;33,33;0,00;0,00;0,00;0,00;0,00;66,67;0,00;100,00
governo-temer_df_texto_favor.txt;34;18;18,00;27,78;77,78;38,89;11,11;11,11;0,00;0,00;11,11;5,56;5,56;5,56;16,67;16,67;11,11;0,00;5,56;5,56;5,56;11,11;0,00;5,56;5,56;5,56;0,00;11,11;0,00;0,00;0,00;11,11;5,56;5,56;0,00;0,00;0,00;33,33;0,00;5,56;5,56;11,11;0,00;0,00;11,11;5,56;11,11;5,56;0,00;5,56;0,00;0,00;0,00;0,00;5,56;16,67;5,56;5,56;5,56;0,00;5,56;0,00;0,00;5,56;0,00;0,00;0,00;5,56;0,00;33,33;0,00;5,56;0,00;0,00;0,00;0,00;0,00;11,11;11,11;0,00;5,56
governo-temer_df_texto_favor.txt;35;14;14,00;50,00;71,43;21,43;0,00;0,00;0,00;0,00;0,00;0,00;0,00;0,00;0,00;7,14;0,00;0,00;14,29;0,00;0,00;21,43;0,00;0,00;0,00;0,00;7,14;7,14;7,14;0,00;14,29;14,29;7,14;0,00;0,00;0,00;0,00;28,57;0,00;14,29;0,00;0,00;0,00;14,29;7,14;0,00;0,00;0,00;0,00;0,00;0,00;0,00;7,14;0,00;7,14;14,29;0,00;14,29;14,29;14,29;7,14;14,29;7,14;0,00;0,00;0,00;0,00;0,00;0,00;42,86;0,00;0,00;7,14;0,00;0,00;0,00;0,00;0,00;14,29;0,00;21,43
governo-temer_df_texto_favor.txt;36;6;6,00;16,67;33,33;16,67;0,00;0,00;0,00;0,00;0,00;0,00;0,00;0,00;0,00;0,00;0,00;0,00;0,00;0,00;16,67;0,00;16,67;0,00;0,00;0,00;16,67;0,00;0,00;0,00;0,00;0,00;0,00;0,00;0,00;0,00;0,00;16,67;0,00;16,67;0,00;0,00;0,00;0,00;0,00;0,00;0,00;0,00;0,00;0,00;0,00;0,00;0,00;0,00;0,00;16,67;0,00;0,00;16,67;0,00;0,00;0,00;0,00;0,00;0,00;0,00;0,00;0,00;0,00;166,67;0,00;33,33;16,67;0,00;0,00;0,00;0,00;33,33;33,33;0,00;50,00
governo-temer_df_texto_favor.txt;37;18;18,00;27,78;61,11;27,78;16,67;11,11;0,00;0,00;11,11;11,11;0,00;16,67;11,11;5,56;5,56;0,00;5,56;0,00;0,00;16,67;5,56;0,00;0,00;0,00;16,67;16,67;5,56;11,11;0,00;5,56;0,00;5,56;0,00;0,00;0,00;27,78;5,56;0,00;5,56;5,56;0,00;5,56;16,67;5,56;0,00;0,00;0,00;0,00;5,56;5,56;0,00;0,00;5,56;16,67;0,00;16,67;16,67;0,00;0,00;0,00;0,00;5,56;0,00;0,00;0,00;11,11;0,00;50,00;5,56;0,00;5,56;0,00;0,00;0,00;0,00;0,00;11,11;0,00;27,78
governo-temer_df_texto_favor.txt;38;18;18,00;27,78;61,11;27,78;16,67;11,11;0,00;0,00;11,11;11,11;0,00;16,67;11,11;5,56;5,56;0,00;5,56;0,00;0,00;16,67;5,56;0,00;0,00;0,00;16,67;16,67;5,56;11,11;0,00;5,56;0,00;5,56;0,00;0,00;0,00;27,78;5,56;0,00;5,56;5,56;0,00;5,56;16,67;5,56;0,00;0,00;0,00;0,00;5,56;5,56;0,00;0,00;5,56;16,67;0,00;16,67;16,67;0,00;0,00;0,00;0,00;5,56;0,00;0,00;0,00;11,11;0,00;50,00;5,56;0,00;5,56;0,00;0,00;0,00;0,00;0,00;11,11;0,00;27,78
governo-temer_df_texto_favor.txt;39;9;9,00;11,11;33,33;33,33;11,11;11,11;0,00;0,00;11,11;11,11;0,00;11,11;11,11;0,00;0,00;0,00;0,00;0,00;0,00;11,11;11,11;0,00;0,00;33,33;0,00;11,11;0,00;0,00;0,00;0,00;0,00;0,00;0,00;0,00;0,00;22,22;0,00;0,00;0,00;0,00;0,00;0,00;22,22;11,11;0,00;0,00;0,00;0,00;0,00;0,00;0,00;0,00;0,00;0,00;0,00;0,00;0,00;0,00;0,00;0,00;0,00;0,00;0,00;0,00;0,00;0,00;0,00;77,78;0,00;11,11;0,00;0,00;0,00;0,00;0,00;22,22;22,22;0,00;22,22
governo-temer_df_texto_favor.txt;40;3;3,00;33,33;0,00;0,00;0,00;0,00;0,00;0,00;0,00;0,00;0,00;0,00;0,00;0,00;0,00;0,00;0,00;0,00;0,00;0,00;0,00;0,00;0,00;0,00;0,00;0,00;0,00;0,00;0,00;0,00;0,00;0,00;0,00;0,00;0,00;0,00;0,00;0,00;0,00;0,00;0,00;0,00;0,00;0,00;0,00;0,00;0,00;0,00;0,00;0,00;0,00;0,00;0,00;0,00;0,00;0,00;0,00;0,00;0,00;0,00;0,00;0,00;0,00;0,00;0,00;0,00;0,00;200,00;0,00;0,00;33,33;0,00;0,00;0,00;0,00;0,00;66,67;0,00;100,00
governo-temer_df_texto_favor.txt;41;8;8,00;37,50;62,50;25,00;12,50;12,50;0,00;0,00;12,50;12,50;12,50;0,00;0,00;0,00;0,00;0,00;0,00;0,00;0,00;12,50;0,00;0,00;0,00;0,00;0,00;12,50;0,00;0,00;0,00;0,00;0,00;0,00;0,00;0,00;0,00;0,00;0,00;0,00;0,00;0,00;0,00;0,00;0,00;0,00;12,50;0,00;12,50;0,00;25,00;25,00;12,50;0,00;0,00;0,00;0,00;0,00;0,00;0,00;0,00;0,00;0,00;0,00;0,00;0,00;0,00;0,00;0,00;50,00;0,00;0,00;0,00;0,00;0,00;0,00;0,00;0,00;25,00;0,00;25,00
governo-temer_df_texto_favor.txt;42;18;18,00;27,78;61,11;27,78;16,67;11,11;0,00;0,00;11,11;11,11;0,00;16,67;11,11;5,56;5,56;0,00;5,56;0,00;0,00;16,67;5,56;0,00;0,00;0,00;16,67;16,67;5,56;11,11;0,00;5,56;0,00;5,56;0,00;0,00;0,00;27,78;5,56;0,00;5,56;5,56;0,00;5,56;16,67;5,56;0,00;0,00;0,00;0,00;5,56;5,56;0,00;0,00;5,56;16,67;0,00;16,67;16,67;0,00;0,00;0,00;0,00;5,56;0,00;0,00;0,00;11,11;0,00;50,00;5,56;0,00;5,56;0,00;0,00;0,00;0,00;0,00;11,11;0,00;27,78
governo-temer_df_texto_favor.txt;43;3;3,00;33,33;0,00;0,00;0,00;0,00;0,00;0,00;0,00;0,00;0,00;0,00;0,00;0,00;0,00;0,00;0,00;0,00;0,00;0,00;0,00;0,00;0,00;0,00;0,00;0,00;0,00;0,00;0,00;0,00;0,00;0,00;0,00;0,00;0,00;0,00;0,00;0,00;0,00;0,00;0,00;0,00;0,00;0,00;0,00;0,00;0,00;0,00;0,00;0,00;0,00;0,00;0,00;0,00;0,00;0,00;0,00;0,00;0,00;0,00;0,00;0,00;0,00;0,00;0,00;0,00;0,00;200,00;0,00;0,00;33,33;0,00;0,00;0,00;0,00;0,00;66,67;0,00;100,00
governo-temer_df_texto_favor.txt;44;5;5,00;40,00;0,00;0,00;0,00;0,00;0,00;0,00;0,00;0,00;0,00;0,00;0,00;0,00;0,00;0,00;0,00;0,00;0,00;0,00;0,00;0,00;0,00;0,00;0,00;0,00;0,00;0,00;0,00;0,00;0,00;0,00;0,00;0,00;0,00;0,00;0,00;0,00;0,00;0,00;0,00;0,00;0,00;0,00;0,00;0,00;0,00;0,00;0,00;0,00;0,00;0,00;0,00;0,00;0,00;0,00;0,00;0,00;0,00;0,00;0,00;0,00;0,00;0,00;0,00;0,00;0,00;160,00;0,00;0,00;40,00;0,00;0,00;0,00;0,00;0,00;40,00;0,00;80,00
governo-temer_df_texto_favor.txt;45;1;1,00;100,00;0,00;0,00;0,00;0,00;0,00;0,00;0,00;0,00;0,00;0,00;0,00;0,00;0,00;0,00;0,00;0,00;0,00;0,00;0,00;0,00;0,00;0,00;0,00;0,00;0,00;0,00;0,00;0,00;0,00;0,00;0,00;0,00;0,00;0,00;0,00;0,00;0,00;0,00;0,00;0,00;0,00;0,00;0,00;0,00;0,00;0,00;0,00;0,00;0,00;0,00;0,00;0,00;0,00;0,00;0,00;0,00;0,00;0,00;0,00;0,00;0,00;0,00;0,00;0,00;0,00;300,00;0,00;0,00;0,00;0,00;0,00;0,00;0,00;0,00;200,00;0,00;100,00
governo-temer_df_texto_favor.txt;46;12;12,00;50,00;66,67;25,00;8,33;8,33;0,00;0,00;8,33;8,33;0,00;8,33;8,33;16,67;0,00;0,00;8,33;0,00;0,00;16,67;8,33;8,33;0,00;0,00;16,67;8,33;0,00;8,33;0,00;0,00;0,00;0,00;0,00;0,00;0,00;33,33;0,00;0,00;0,00;8,33;0,00;8,33;25,00;0,00;0,00;0,00;0,00;0,00;8,33;0,00;0,00;8,33;0,00;8,33;0,00;8,33;0,00;8,33;0,00;0,00;0,00;8,33;0,00;0,00;0,00;8,33;0,00;66,67;0,00;0,00;8,33;0,00;0,00;0,00;0,00;0,00;16,67;0,00;41,67
governo-temer_df_texto_favor.txt;47;7;7,00;71,43;14,29;0,00;0,00;0,00;0,00;0,00;0,00;0,00;0,00;0,00;0,00;0,00;0,00;0,00;0,00;0,00;0,00;0,00;0,00;0,00;0,00;0,00;0,00;0,00;0,00;0,00;0,00;0,00;0,00;0,00;0,00;0,00;0,00;0,00;0,00;0,00;0,00;0,00;0,00;0,00;0,00;0,00;0,00;0,00;0,00;0,00;0,00;0,00;0,00;0,00;0,00;0,00;0,00;0,00;0,00;14,29;0,00;0,00;0,00;0,00;0,00;0,00;0,00;0,00;0,00;114,29;0,00;0,00;14,29;0,00;0,00;0,00;0,00;0,00;28,57;0,00;71,43
governo-temer_df_texto_favor.txt;48;14;14,00;50,00;71,43;21,43;0,00;0,00;0,00;0,00;0,00;0,00;0,00;0,00;0,00;7,14;0,00;0,00;14,29;0,00;0,00;21,43;0,00;0,00;0,00;0,00;7,14;7,14;7,14;0,00;14,29;14,29;7,14;0,00;0,00;0,00;0,00;28,57;0,00;14,29;0,00;0,00;0,00;14,29;7,14;0,00;0,00;0,00;0,00;0,00;0,00;0,00;7,14;0,00;7,14;14,29;0,00;14,29;14,29;14,29;7,14;14,29;7,14;0,00;0,00;0,00;0,00;0,00;0,00;42,86;0,00;0,00;7,14;0,00;0,00;0,00;0,00;0,00;14,29;0,00;21,43
governo-temer_df_texto_favor.txt;49;3;3,00;33,33;0,00;0,00;0,00;0,00;0,00;0,00;0,00;0,00;0,00;0,00;0,00;0,00;0,00;0,00;0,00;0,00;0,00;0,00;0,00;0,00;0,00;0,00;0,00;0,00;0,00;0,00;0,00;0,00;0,00;0,00;0,00;0,00;0,00;0,00;0,00;0,00;0,00;0,00;0,00;0,00;0,00;0,00;0,00;0,00;0,00;0,00;0,00;0,00;0,00;0,00;0,00;0,00;0,00;0,00;0,00;0,00;0,00;0,00;0,00;0,00;0,00;0,00;0,00;0,00;0,00;200,00;0,00;0,00;33,33;0,00;0,00;0,00;0,00;0,00;66,67;0,00;100,00
governo-temer_df_texto_favor.txt;50;5;5,00;40,00;0,00;0,00;0,00;0,00;0,00;0,00;0,00;0,00;0,00;0,00;0,00;0,00;0,00;0,00;0,00;0,00;0,00;0,00;0,00;0,00;0,00;0,00;0,00;0,00;0,00;0,00;0,00;0,00;0,00;0,00;0,00;0,00;0,00;0,00;0,00;0,00;0,00;0,00;0,00;0,00;0,00;0,00;0,00;0,00;0,00;0,00;0,00;0,00;0,00;0,00;0,00;0,00;0,00;0,00;0,00;0,00;0,00;0,00;0,00;0,00;0,00;0,00;0,00;0,00;0,00;160,00;0,00;0,00;40,00;0,00;0,00;0,00;0,00;0,00;40,00;0,00;80,00
governo-temer_df_texto_favor.txt;51;5;5,00;0,00;0,00;0,00;0,00;0,00;0,00;0,00;0,00;0,00;0,00;0,00;0,00;0,00;0,00;0,00;0,00;0,00;0,00;0,00;0,00;0,00;0,00;0,00;0,00;0,00;0,00;0,00;0,00;0,00;0,00;0,00;0,00;0,00;0,00;0,00;0,00;0,00;0,00;0,00;0,00;0,00;0,00;0,00;0,00;0,00;0,00;0,00;0,00;0,00;0,00;0,00;0,00;0,00;0,00;0,00;0,00;0,00;0,00;0,00;0,00;0,00;0,00;0,00;0,00;0,00;0,00;120,00;0,00;0,00;20,00;0,00;0,00;0,00;0,00;0,00;40,00;0,00;60,00
governo-temer_df_texto_favor.txt;52;5;5,00;60,00;20,00;0,00;0,00;0,00;0,00;0,00;0,00;0,00;0,00;0,00;0,00;0,00;0,00;0,00;0,00;0,00;0,00;0,00;0,00;0,00;0,00;0,00;0,00;0,00;0,00;0,00;0,00;20,00;0,00;20,00;20,00;0,00;20,00;0,00;0,00;0,00;0,00;0,00;0,00;0,00;0,00;0,00;0,00;0,00;0,00;0,00;0,00;0,00;0,00;0,00;0,00;0,00;0,00;0,00;0,00;0,00;0,00;0,00;0,00;0,00;0,00;0,00;0,00;0,00;0,00;120,00;0,00;0,00;20,00;0,00;0,00;0,00;0,00;0,00;40,00;0,00;60,00
governo-temer_df_texto_favor.txt;53;1;1,00;0,00;0,00;0,00;0,00;0,00;0,00;0,00;0,00;0,00;0,00;0,00;0,00;0,00;0,00;0,00;0,00;0,00;0,00;0,00;0,00;0,00;0,00;0,00;0,00;0,00;0,00;0,00;0,00;0,00;0,00;0,00;0,00;0,00;0,00;0,00;0,00;0,00;0,00;0,00;0,00;0,00;0,00;0,00;0,00;0,00;0,00;0,00;0,00;0,00;0,00;0,00;0,00;0,00;0,00;0,00;0,00;0,00;0,00;0,00;0,00;0,00;0,00;0,00;0,00;0,00;0,00;300,00;0,00;0,00;0,00;0,00;0,00;0,00;0,00;0,00;200,00;0,00;100,00
governo-temer_df_texto_favor.txt;54;17;17,00;17,65;58,82;41,18;17,65;11,76;0,00;0,00;11,76;11,76;0,00;17,65;11,76;11,76;0,00;0,00;5,88;0,00;5,88;5,88;17,65;5,88;0,00;0,00;0,00;23,53;0,00;0,00;0,00;5,88;5,88;0,00;0,00;0,00;0,00;23,53;0,00;0,00;11,76;5,88;0,00;0,00;11,76;5,88;0,00;0,00;0,00;0,00;0,00;0,00;0,00;0,00;5,88;17,65;5,88;11,76;5,88;0,00;0,00;5,88;0,00;0,00;0,00;0,00;0,00;0,00;0,00;17,65;0,00;0,00;0,00;0,00;0,00;0,00;0,00;0,00;11,76;0,00;5,88
governo-temer_df_texto_favor.txt;55;11;11,00;9,09;27,27;18,18;9,09;9,09;0,00;0,00;9,09;9,09;0,00;9,09;9,09;0,00;0,00;0,00;0,00;0,00;0,00;18,18;0,00;0,00;0,00;0,00;0,00;9,09;0,00;0,00;0,00;0,00;0,00;0,00;0,00;0,00;0,00;18,18;0,00;0,00;0,00;9,09;0,00;0,00;9,09;0,00;0,00;0,00;0,00;0,00;0,00;0,00;0,00;0,00;0,00;0,00;0,00;9,09;0,00;0,00;0,00;0,00;0,00;0,00;0,00;0,00;0,00;9,09;0,00;63,64;0,00;0,00;9,09;0,00;0,00;0,00;0,00;0,00;18,18;0,00;36,36
governo-temer_df_texto_favor.txt;56;27;27,00;22,22;70,37;48,15;25,93;14,81;0,00;0,00;14,81;11,11;3,70;22,22;14,81;18,52;7,41;7,41;7,41;0,00;3,70;14,81;11,11;0,00;3,70;0,00;7,41;25,93;0,00;0,00;7,41;3,70;3,70;0,00;0,00;0,00;0,00;40,74;11,11;0,00;7,41;7,41;0,00;7,41;14,81;11,11;7,41;3,70;0,00;3,70;3,70;3,70;0,00;0,00;7,41;18,52;14,81;7,41;3,70;0,00;3,70;0,00;0,00;3,70;0,00;0,00;0,00;7,41;0,00;25,93;0,00;0,00;3,70;0,00;0,00;0,00;0,00;0,00;7,41;0,00;14,81
governo-temer_df_texto_favor.txt;57;17;17,00;35,29;70,59;47,06;11,76;5,88;0,00;0,00;5,88;0,00;5,88;5,88;5,88;29,41;23,53;0,00;23,53;5,88;0,00;0,00;5,88;5,88;0,00;0,00;5,88;17,65;0,00;0,00;0,00;5,88;5,88;0,00;0,00;0,00;0,00;23,53;11,76;0,00;17,65;5,88;0,00;0,00;0,00;11,76;0,00;0,00;0,00;0,00;5,88;0,00;0,00;0,00;11,76;29,41;11,76;5,88;5,88;0,00;0,00;0,00;0,00;0,00;0,00;0,00;5,88;0,00;0,00;41,18;0,00;0,00;5,88;0,00;0,00;0,00;5,88;0,00;11,76;0,00;17,65
governo-temer_df_texto_favor.txt;58;16;16,00;62,50;50,00;12,50;6,25;6,25;0,00;0,00;6,25;6,25;0,00;6,25;6,25;0,00;0,00;0,00;0,00;0,00;0,00;0,00;6,25;0,00;0,00;0,00;0,00;6,25;0,00;0,00;6,25;6,25;6,25;0,00;0,00;0,00;0,00;12,50;6,25;0,00;0,00;0,00;6,25;0,00;6,25;0,00;6,25;0,00;0,00;0,00;6,25;0,00;0,00;0,00;0,00;6,25;6,25;0,00;0,00;6,25;0,00;0,00;0,00;0,00;6,25;0,00;0,00;0,00;0,00;87,50;0,00;6,25;6,25;0,00;0,00;0,00;0,00;12,50;12,50;0,00;50,00
governo-temer_df_texto_favor.txt;59;7;7,00;28,57;0,00;0,00;0,00;0,00;0,00;0,00;0,00;0,00;0,00;0,00;0,00;0,00;0,00;0,00;0,00;0,00;0,00;0,00;0,00;0,00;0,00;0,00;0,00;0,00;0,00;0,00;0,00;0,00;0,00;0,00;0,00;0,00;0,00;0,00;0,00;0,00;0,00;0,00;0,00;0,00;0,00;0,00;0,00;0,00;0,00;0,00;0,00;0,00;0,00;0,00;0,00;0,00;0,00;0,00;0,00;0,00;0,00;0,00;0,00;0,00;0,00;0,00;0,00;0,00;0,00;114,29;0,00;0,00;14,29;0,00;0,00;0,00;0,00;0,00;28,57;0,00;71,43
governo-temer_df_texto_favor.txt;60;23;23,00;34,78;73,91;47,83;17,39;8,70;4,35;0,00;4,35;4,35;0,00;13,04;4,35;8,70;8,70;0,00;8,70;0,00;8,70;17,39;0,00;0,00;4,35;0,00;0,00;17,39;0,00;0,00;17,39;13,04;4,35;8,70;4,35;4,35;4,35;34,78;4,35;8,70;0,00;8,70;0,00;8,70;8,70;0,00;0,00;0,00;0,00;0,00;13,04;4,35;4,35;0,00;0,00;21,74;0,00;4,35;4,35;8,70;4,35;0,00;0,00;4,35;4,35;0,00;0,00;0,00;0,00;34,78;0,00;4,35;0,00;0,00;0,00;0,00;0,00;8,70;8,70;0,00;13,04
governo-temer_df_texto_favor.txt;61;5;5,00;20,00;40,00;20,00;0,00;0,00;0,00;0,00;0,00;0,00;0,00;0,00;0,00;0,00;0,00;0,00;0,00;0,00;20,00;0,00;20,00;0,00;0,00;0,00;0,00;0,00;0,00;0,00;0,00;0,00;0,00;0,00;0,00;0,00;0,00;20,00;0,00;20,00;0,00;0,00;0,00;0,00;0,00;0,00;0,00;0,00;0,00;0,00;0,00;0,00;0,00;0,00;0,00;20,00;0,00;0,00;20,00;0,00;0,00;0,00;0,00;0,00;0,00;0,00;20,00;0,00;0,00;120,00;0,00;0,00;20,00;0,00;0,00;0,00;0,00;0,00;40,00;0,00;60,00
governo-temer_df_texto_favor.txt;62;7;7,00;28,57;28,57;14,29;0,00;0,00;0,00;0,00;0,00;0,00;0,00;0,00;0,00;0,00;0,00;0,00;0,00;0,00;14,29;0,00;14,29;0,00;0,00;0,00;0,00;0,00;0,00;0,00;0,00;0,00;0,00;0,00;0,00;0,00;0,00;14,29;0,00;14,29;0,00;0,00;0,00;0,00;0,00;0,00;0,00;0,00;0,00;0,00;0,00;0,00;0,00;0,00;0,00;14,29;0,00;0,00;14,29;0,00;0,00;0,00;0,00;0,00;0,00;0,00;14,29;0,00;0,00;114,29;0,00;0,00;28,57;0,00;0,00;0,00;0,00;0,00;28,57;0,00;57,14
governo-temer_df_texto_favor.txt;63;7;7,00;28,57;28,57;14,29;0,00;0,00;0,00;0,00;0,00;0,00;0,00;0,00;0,00;0,00;0,00;0,00;0,00;0,00;14,29;0,00;14,29;0,00;0,00;0,00;0,00;0,00;0,00;0,00;0,00;0,00;0,00;0,00;0,00;0,00;0,00;14,29;0,00;14,29;0,00;0,00;0,00;0,00;0,00;0,00;0,00;0,00;0,00;0,00;0,00;0,00;0,00;0,00;0,00;14,29;0,00;0,00;14,29;0,00;0,00;0,00;0,00;0,00;0,00;0,00;14,29;0,00;0,00;114,29;0,00;0,00;28,57;0,00;0,00;0,00;0,00;0,00;28,57;0,00;57,14
governo-temer_df_texto_favor.txt;64;20;20,00;25,00;75,00;40,00;10,00;5,00;0,00;0,00;5,00;5,00;0,00;10,00;5,00;10,00;0,00;0,00;10,00;0,00;0,00;25,00;10,00;0,00;0,00;0,00;10,00;20,00;0,00;0,00;5,00;10,00;5,00;5,00;0,00;5,00;0,00;30,00;0,00;0,00;10,00;5,00;0,00;0,00;15,00;10,00;5,00;0,00;5,00;0,00;5,00;5,00;0,00;0,00;5,00;10,00;5,00;5,00;5,00;0,00;0,00;0,00;0,00;5,00;0,00;0,00;0,00;0,00;0,00;45,00;0,00;0,00;5,00;0,00;0,00;0,00;0,00;0,00;10,00;0,00;30,00
governo-temer_df_texto_favor.txt;65;28;28,00;10,71;89,29;53,57;21,43;7,14;3,57;0,00;3,57;3,57;0,00;17,86;3,57;21,43;10,71;3,57;17,86;0,00;3,57;10,71;17,86;3,57;3,57;0,00;7,14;25,00;0,00;0,00;7,14;17,86;3,57;14,29;7,14;3,57;3,57;42,86;0,00;3,57;17,86;10,71;0,00;7,14;14,29;17,86;3,57;3,57;0,00;0,00;7,14;3,57;0,00;7,14;3,57;32,14;10,71;10,71;3,57;0,00;3,57;0,00;0,00;0,00;0,00;0,00;0,00;3,57;0,00;21,43;0,00;0,00;3,57;0,00;0,00;0,00;0,00;0,00;7,14;0,00;10,71
governo-temer_df_texto_favor.txt;66;1;1,00;100,00;0,00;0,00;0,00;0,00;0,00;0,00;0,00;0,00;0,00;0,00;0,00;0,00;0,00;0,00;0,00;0,00;0,00;0,00;0,00;0,00;0,00;0,00;0,00;0,00;0,00;0,00;0,00;0,00;0,00;0,00;0,00;0,00;0,00;0,00;0,00;0,00;0,00;0,00;0,00;0,00;0,00;0,00;0,00;0,00;0,00;0,00;0,00;0,00;0,00;0,00;0,00;0,00;0,00;0,00;0,00;0,00;0,00;0,00;0,00;0,00;0,00;0,00;0,00;0,00;0,00;300,00;0,00;0,00;0,00;0,00;0,00;0,00;0,00;0,00;200,00;0,00;100,00
governo-temer_df_texto_favor.txt;67;20;20,00;55,00;65,00;15,00;15,00;10,00;0,00;0,00;5,00;10,00;0,00;15,00;5,00;15,00;0,00;5,00;0,00;0,00;5,00;5,00;5,00;0,00;0,00;0,00;5,00;20,00;0,00;5,00;5,00;30,00;20,00;10,00;5,00;0,00;10,00;15,00;0,00;10,00;5,00;5,00;0,00;0,00;5,00;5,00;10,00;0,00;0,00;10,00;0,00;0,00;0,00;0,00;0,00;5,00;5,00;15,00;10,00;10,00;15,00;0,00;0,00;0,00;0,00;0,00;0,00;10,00;0,00;65,00;0,00;5,00;0,00;0,00;0,00;0,00;0,00;10,00;10,00;0,00;40,00
governo-temer_df_texto_favor.txt;68;7;7,00;71,43;14,29;0,00;0,00;0,00;0,00;0,00;0,00;0,00;0,00;0,00;0,00;0,00;0,00;0,00;0,00;0,00;0,00;0,00;0,00;0,00;0,00;0,00;0,00;0,00;0,00;0,00;0,00;0,00;0,00;0,00;0,00;0,00;0,00;0,00;0,00;0,00;0,00;0,00;0,00;0,00;0,00;0,00;0,00;0,00;0,00;0,00;0,00;0,00;0,00;0,00;0,00;0,00;0,00;0,00;0,00;14,29;0,00;0,00;0,00;0,00;0,00;0,00;0,00;0,00;0,00;157,14;0,00;14,29;14,29;0,00;0,00;0,00;0,00;28,57;28,57;0,00;71,43
governo-temer_df_texto_favor.txt;69;3;3,00;33,33;0,00;0,00;0,00;0,00;0,00;0,00;0,00;0,00;0,00;0,00;0,00;0,00;0,00;0,00;0,00;0,00;0,00;0,00;0,00;0,00;0,00;0,00;0,00;0,00;0,00;0,00;0,00;0,00;0,00;0,00;0,00;0,00;0,00;0,00;0,00;0,00;0,00;0,00;0,00;0,00;0,00;0,00;0,00;0,00;0,00;0,00;0,00;0,00;0,00;0,00;0,00;0,00;0,00;0,00;0,00;0,00;0,00;0,00;0,00;0,00;0,00;0,00;0,00;0,00;0,00;200,00;0,00;0,00;33,33;0,00;0,00;0,00;0,00;0,00;66,67;0,00;100,00
governo-temer_df_texto_favor.txt;70;5;5,00;20,00;100,00;60,00;0,00;0,00;0,00;0,00;0,00;0,00;0,00;0,00;0,00;20,00;20,00;0,00;20,00;0,00;0,00;0,00;20,00;20,00;0,00;0,00;0,00;0,00;0,00;0,00;0,00;0,00;0,00;0,00;0,00;0,00;0,00;60,00;20,00;0,00;0,00;0,00;0,00;0,00;20,00;20,00;0,00;0,00;0,00;0,00;20,00;20,00;0,00;0,00;0,00;20,00;0,00;0,00;0,00;0,00;0,00;0,00;0,00;0,00;0,00;0,00;0,00;0,00;0,00;60,00;0,00;0,00;0,00;0,00;0,00;0,00;0,00;0,00;40,00;0,00;20,00
governo-temer_df_texto_favor.txt;71;21;21,00;28,57;90,48;57,14;23,81;19,05;0,00;0,00;19,05;19,05;0,00;23,81;23,81;23,81;19,05;0,00;23,81;0,00;4,76;4,76;4,76;4,76;4,76;4,76;14,29;28,57;0,00;0,00;14,29;19,05;9,52;9,52;4,76;4,76;0,00;38,10;4,76;9,52;9,52;9,52;0,00;0,00;9,52;14,29;0,00;0,00;0,00;0,00;0,00;0,00;0,00;0,00;9,52;33,33;19,05;14,29;4,76;4,76;4,76;0,00;0,00;0,00;0,00;0,00;0,00;4,76;0,00;33,33;0,00;4,76;0,00;0,00;0,00;0,00;0,00;9,52;9,52;0,00;9,52
governo-temer_df_texto_favor.txt;72;8;8,00;25,00;75,00;50,00;12,50;0,00;0,00;0,00;0,00;0,00;0,00;12,50;0,00;25,00;12,50;0,00;12,50;0,00;0,00;25,00;0,00;0,00;0,00;0,00;0,00;0,00;0,00;0,00;0,00;12,50;12,50;0,00;0,00;0,00;0,00;37,50;0,00;12,50;0,00;0,00;0,00;0,00;25,00;0,00;0,00;0,00;0,00;0,00;0,00;0,00;0,00;0,00;12,50;25,00;25,00;0,00;0,00;0,00;0,00;0,00;0,00;0,00;0,00;0,00;0,00;0,00;0,00;37,50;0,00;0,00;0,00;0,00;0,00;0,00;0,00;0,00;25,00;0,00;12,50
governo-temer_df_texto_favor.txt;73;10;10,00;30,00;70,00;40,00;10,00;0,00;0,00;0,00;0,00;0,00;0,00;10,00;0,00;20,00;10,00;0,00;10,00;0,00;0,00;20,00;0,00;0,00;0,00;0,00;0,00;0,00;0,00;0,00;0,00;10,00;10,00;0,00;0,00;0,00;0,00;30,00;0,00;10,00;0,00;0,00;0,00;0,00;20,00;0,00;0,00;0,00;0,00;0,00;0,00;0,00;0,00;0,00;10,00;20,00;20,00;10,00;0,00;0,00;0,00;0,00;0,00;0,00;0,00;0,00;0,00;0,00;0,00;50,00;0,00;0,00;10,00;0,00;0,00;0,00;0,00;0,00;20,00;0,00;20,00
governo-temer_df_texto_favor.txt;74;25;25,00;24,00;76,00;48,00;20,00;8,00;4,00;0,00;0,00;4,00;0,00;16,00;0,00;20,00;16,00;0,00;8,00;4,00;0,00;0,00;20,00;0,00;0,00;0,00;8,00;24,00;0,00;0,00;16,00;20,00;16,00;4,00;0,00;4,00;0,00;44,00;4,00;8,00;16,00;20,00;8,00;4,00;8,00;12,00;8,00;0,00;0,00;0,00;4,00;0,00;0,00;4,00;8,00;24,00;8,00;0,00;4,00;0,00;4,00;0,00;0,00;4,00;8,00;0,00;0,00;0,00;0,00;28,00;0,00;0,00;4,00;0,00;0,00;0,00;0,00;0,00;8,00;0,00;16,00
governo-temer_df_texto_favor.txt;75;21;21,00;19,05;90,48;52,38;23,81;9,52;4,76;0,00;0,00;4,76;0,00;19,05;0,00;19,05;14,29;0,00;9,52;4,76;0,00;0,00;23,81;0,00;0,00;0,00;9,52;28,57;0,00;0,00;19,05;23,81;19,05;4,76;0,00;4,76;0,00;52,38;4,76;9,52;19,05;23,81;9,52;4,76;9,52;14,29;9,52;0,00;0,00;0,00;4,76;0,00;0,00;4,76;4,76;23,81;9,52;4,76;0,00;0,00;4,76;0,00;0,00;4,76;9,52;0,00;0,00;0,00;0,00;23,81;4,76;0,00;4,76;0,00;0,00;0,00;0,00;0,00;9,52;0,00;4,76
governo-temer_df_texto_favor.txt;76;21;21,00;19,05;90,48;52,38;23,81;9,52;4,76;0,00;0,00;4,76;0,00;19,05;0,00;19,05;14,29;0,00;9,52;4,76;0,00;0,00;23,81;0,00;0,00;0,00;9,52;28,57;0,00;0,00;19,05;23,81;19,05;4,76;0,00;4,76;0,00;52,38;4,76;9,52;19,05;23,81;9,52;4,76;9,52;14,29;9,52;0,00;0,00;0,00;4,76;0,00;0,00;4,76;4,76;23,81;9,52;4,76;0,00;0,00;4,76;0,00;0,00;4,76;9,52;0,00;0,00;0,00;0,00;23,81;4,76;0,00;4,76;0,00;0,00;0,00;0,00;0,00;9,52;0,00;4,76
governo-temer_df_texto_favor.txt;77;21;21,00;19,05;90,48;52,38;23,81;9,52;4,76;0,00;0,00;4,76;0,00;19,05;0,00;19,05;14,29;0,00;9,52;4,76;0,00;0,00;23,81;0,00;0,00;0,00;9,52;28,57;0,00;0,00;19,05;23,81;19,05;4,76;0,00;4,76;0,00;52,38;4,76;9,52;19,05;23,81;9,52;4,76;9,52;14,29;9,52;0,00;0,00;0,00;4,76;0,00;0,00;4,76;4,76;23,81;9,52;4,76;0,00;0,00;4,76;0,00;0,00;4,76;9,52;0,00;0,00;0,00;0,00;23,81;4,76;0,00;4,76;0,00;0,00;0,00;0,00;0,00;9,52;0,00;4,76
governo-temer_df_texto_favor.txt;78;2;2,00;100,00;100,00;0,00;0,00;0,00;0,00;0,00;0,00;0,00;0,00;0,00;0,00;0,00;0,00;0,00;0,00;0,00;0,00;0,00;0,00;0,00;0,00;0,00;0,00;0,00;0,00;0,00;0,00;0,00;0,00;0,00;0,00;0,00;0,00;0,00;0,00;0,00;0,00;0,00;0,00;0,00;0,00;0,00;0,00;0,00;0,00;0,00;0,00;0,00;0,00;0,00;0,00;100,00;0,00;0,00;0,00;0,00;0,00;0,00;0,00;0,00;0,00;0,00;0,00;0,00;0,00;200,00;0,00;0,00;0,00;0,00;0,00;0,00;0,00;0,00;100,00;0,00;100,00
governo-temer_df_texto_favor.txt;79;3;3,00;33,33;0,00;0,00;0,00;0,00;0,00;0,00;0,00;0,00;0,00;0,00;0,00;0,00;0,00;0,00;0,00;0,00;0,00;0,00;0,00;0,00;0,00;0,00;0,00;0,00;0,00;0,00;0,00;0,00;0,00;0,00;0,00;0,00;0,00;0,00;0,00;0,00;0,00;0,00;0,00;0,00;0,00;0,00;0,00;0,00;0,00;0,00;0,00;0,00;0,00;0,00;0,00;0,00;0,00;0,00;0,00;0,00;0,00;0,00;0,00;0,00;0,00;0,00;0,00;0,00;0,00;200,00;0,00;0,00;33,33;0,00;0,00;0,00;0,00;0,00;66,67;0,00;100,00
governo-temer_df_texto_favor.txt;80;5;5,00;40,00;20,00;0,00;0,00;0,00;0,00;0,00;0,00;0,00;0,00;0,00;0,00;0,00;0,00;0,00;0,00;0,00;0,00;0,00;0,00;0,00;0,00;0,00;0,00;0,00;0,00;0,00;0,00;0,00;0,00;0,00;0,00;0,00;0,00;0,00;0,00;0,00;0,00;0,00;0,00;0,00;0,00;0,00;0,00;0,00;0,00;0,00;20,00;20,00;0,00;0,00;0,00;0,00;0,00;0,00;0,00;0,00;0,00;0,00;0,00;0,00;0,00;0,00;0,00;0,00;0,00;160,00;0,00;0,00;40,00;0,00;0,00;0,00;0,00;0,00;40,00;0,00;80,00
governo-temer_df_texto_favor.txt;81;10;10,00;30,00;70,00;50,00;0,00;0,00;0,00;0,00;0,00;0,00;0,00;0,00;0,00;20,00;20,00;0,00;20,00;0,00;10,00;10,00;10,00;10,00;10,00;0,00;0,00;0,00;0,00;0,00;0,00;0,00;0,00;0,00;0,00;0,00;0,00;30,00;0,00;0,00;0,00;0,00;0,00;10,00;10,00;10,00;0,00;0,00;0,00;0,00;0,00;0,00;0,00;0,00;0,00;40,00;0,00;0,00;10,00;0,00;0,00;0,00;0,00;0,00;0,00;0,00;0,00;0,00;0,00;60,00;0,00;0,00;20,00;10,00;0,00;0,00;0,00;0,00;20,00;0,00;10,00
governo-temer_df_texto_favor.txt;82;11;11,00;36,36;63,64;27,27;9,09;9,09;0,00;0,00;9,09;0,00;9,09;0,00;9,09;18,18;0,00;9,09;9,09;0,00;0,00;18,18;0,00;0,00;0,00;0,00;0,00;18,18;0,00;0,00;9,09;9,09;9,09;0,00;0,00;0,00;0,00;18,18;9,09;0,00;0,00;0,00;0,00;0,00;0,00;0,00;18,18;9,09;0,00;9,09;9,09;0,00;9,09;0,00;9,09;18,18;0,00;18,18;9,09;9,09;0,00;0,00;0,00;9,09;0,00;0,00;0,00;0,00;0,00;90,91;0,00;0,00;18,18;0,00;0,00;0,00;18,18;0,00;18,18;0,00;36,36
governo-temer_df_texto_favor.txt;83;12;12,00;25,00;66,67;16,67;0,00;0,00;0,00;0,00;0,00;0,00;0,00;0,00;0,00;8,33;0,00;8,33;0,00;0,00;0,00;16,67;0,00;0,00;0,00;0,00;0,00;0,00;0,00;0,00;8,33;16,67;16,67;0,00;0,00;0,00;0,00;16,67;8,33;0,00;0,00;0,00;0,00;0,00;8,33;0,00;8,33;8,33;0,00;0,00;8,33;8,33;0,00;0,00;0,00;16,67;0,00;16,67;0,00;0,00;0,00;0,00;0,00;8,33;0,00;0,00;0,00;0,00;0,00;75,00;0,00;0,00;16,67;0,00;0,00;0,00;8,33;0,00;16,67;0,00;33,33
governo-temer_df_texto_favor.txt;84;13;13,00;23,08;38,46;23,08;15,38;15,38;0,00;0,00;15,38;15,38;0,00;15,38;15,38;0,00;0,00;0,00;7,69;0,00;0,00;15,38;0,00;0,00;0,00;7,69;7,69;30,77;0,00;0,00;7,69;7,69;7,69;0,00;0,00;0,00;0,00;15,38;0,00;0,00;0,00;0,00;0,00;7,69;7,69;0,00;0,00;0,00;0,00;0,00;0,00;0,00;0,00;0,00;0,00;15,38;7,69;15,38;7,69;0,00;0,00;7,69;0,00;7,69;0,00;0,00;0,00;7,69;0,00;53,85;0,00;0,00;7,69;0,00;0,00;0,00;7,69;0,00;15,38;0,00;23,08
governo-temer_df_texto_favor.txt;85;5;5,00;40,00;20,00;0,00;0,00;0,00;0,00;0,00;0,00;0,00;0,00;0,00;0,00;0,00;0,00;0,00;0,00;0,00;0,00;0,00;0,00;0,00;0,00;0,00;0,00;0,00;0,00;0,00;0,00;0,00;0,00;0,00;0,00;0,00;0,00;0,00;0,00;0,00;0,00;0,00;0,00;0,00;0,00;0,00;0,00;0,00;0,00;0,00;20,00;20,00;0,00;0,00;0,00;0,00;0,00;0,00;0,00;0,00;0,00;0,00;0,00;0,00;0,00;0,00;0,00;0,00;0,00;160,00;0,00;0,00;40,00;0,00;0,00;0,00;0,00;0,00;40,00;0,00;80,00
governo-temer_df_texto_favor.txt;86;3;3,00;66,67;33,33;0,00;0,00;0,00;0,00;0,00;0,00;0,00;0,00;0,00;0,00;0,00;0,00;0,00;0,00;0,00;0,00;0,00;0,00;0,00;0,00;0,00;0,00;0,00;0,00;0,00;0,00;0,00;0,00;0,00;0,00;0,00;0,00;0,00;0,00;0,00;0,00;0,00;0,00;0,00;0,00;0,00;0,00;0,00;0,00;0,00;0,00;0,00;0,00;0,00;0,00;0,00;0,00;33,33;0,00;0,00;0,00;0,00;0,00;0,00;0,00;0,00;0,00;0,00;0,00;166,67;0,00;0,00;0,00;0,00;0,00;0,00;0,00;0,00;66,67;0,00;100,00
governo-temer_df_texto_favor.txt;87;9;9,00;66,67;11,11;0,00;0,00;0,00;0,00;0,00;0,00;0,00;0,00;0,00;0,00;0,00;0,00;0,00;0,00;0,00;0,00;0,00;0,00;0,00;0,00;0,00;0,00;0,00;0,00;0,00;0,00;0,00;0,00;0,00;0,00;0,00;0,00;0,00;0,00;0,00;0,00;0,00;0,00;0,00;0,00;0,00;0,00;0,00;0,00;0,00;0,00;0,00;0,00;0,00;0,00;0,00;0,00;0,00;0,00;11,11;0,00;0,00;0,00;0,00;0,00;0,00;0,00;0,00;0,00;144,44;0,00;11,11;22,22;0,00;0,00;0,00;0,00;22,22;22,22;0,00;66,67
governo-temer_df_texto_favor.txt;88;5;5,00;40,00;0,00;0,00;0,00;0,00;0,00;0,00;0,00;0,00;0,00;0,00;0,00;0,00;0,00;0,00;0,00;0,00;0,00;0,00;0,00;0,00;0,00;20,00;0,00;0,00;0,00;0,00;0,00;0,00;0,00;0,00;0,00;0,00;0,00;0,00;0,00;0,00;0,00;0,00;0,00;0,00;0,00;0,00;0,00;0,00;0,00;0,00;0,00;0,00;0,00;0,00;0,00;0,00;0,00;0,00;0,00;0,00;0,00;0,00;0,00;0,00;0,00;0,00;0,00;0,00;0,00;60,00;0,00;0,00;20,00;0,00;0,00;0,00;0,00;0,00;40,00;0,00;0,00
governo-temer_df_texto_favor.txt;89;16;16,00;37,50;68,75;31,25;12,50;12,50;6,25;0,00;6,25;0,00;6,25;0,00;12,50;12,50;0,00;0,00;6,25;0,00;0,00;6,25;0,00;0,00;12,50;6,25;6,25;12,50;0,00;0,00;12,50;12,50;6,25;6,25;0,00;0,00;6,25;25,00;6,25;12,50;6,25;6,25;6,25;6,25;6,25;0,00;6,25;0,00;0,00;6,25;6,25;6,25;0,00;0,00;0,00;12,50;0,00;6,25;6,25;6,25;0,00;6,25;0,00;6,25;0,00;0,00;0,00;0,00;0,00;31,25;0,00;0,00;0,00;0,00;0,00;0,00;0,00;0,00;12,50;0,00;18,75
governo-temer_df_texto_favor.txt;90;21;21,00;19,05;90,48;52,38;23,81;9,52;4,76;0,00;0,00;4,76;0,00;19,05;0,00;19,05;14,29;0,00;9,52;4,76;0,00;0,00;23,81;0,00;0,00;0,00;9,52;28,57;0,00;0,00;19,05;23,81;19,05;4,76;0,00;4,76;0,00;52,38;4,76;9,52;19,05;23,81;9,52;4,76;9,52;14,29;9,52;0,00;0,00;0,00;4,76;0,00;0,00;4,76;4,76;23,81;9,52;4,76;0,00;0,00;4,76;0,00;0,00;4,76;9,52;0,00;0,00;0,00;0,00;23,81;4,76;0,00;4,76;0,00;0,00;0,00;0,00;0,00;9,52;0,00;4,76
governo-temer_df_texto_favor.txt;91;21;21,00;19,05;90,48;52,38;23,81;9,52;4,76;0,00;0,00;4,76;0,00;19,05;0,00;19,05;14,29;0,00;9,52;4,76;0,00;0,00;23,81;0,00;0,00;0,00;9,52;28,57;0,00;0,00;19,05;23,81;19,05;4,76;0,00;4,76;0,00;52,38;4,76;9,52;19,05;23,81;9,52;4,76;9,52;14,29;9,52;0,00;0,00;0,00;4,76;0,00;0,00;4,76;4,76;23,81;9,52;4,76;0,00;0,00;4,76;0,00;0,00;4,76;9,52;0,00;0,00;0,00;0,00;23,81;4,76;0,00;4,76;0,00;0,00;0,00;0,00;0,00;9,52;0,00;4,76
governo-temer_df_texto_favor.txt;92;21;21,00;19,05;90,48;52,38;23,81;9,52;4,76;0,00;0,00;4,76;0,00;19,05;0,00;19,05;14,29;0,00;9,52;4,76;0,00;0,00;23,81;0,00;0,00;0,00;9,52;28,57;0,00;0,00;19,05;23,81;19,05;4,76;0,00;4,76;0,00;52,38;4,76;9,52;19,05;23,81;9,52;4,76;9,52;14,29;9,52;0,00;0,00;0,00;4,76;0,00;0,00;4,76;4,76;23,81;9,52;4,76;0,00;0,00;4,76;0,00;0,00;4,76;9,52;0,00;0,00;0,00;0,00;23,81;4,76;0,00;4,76;0,00;0,00;0,00;0,00;0,00;9,52;0,00;4,76
governo-temer_df_texto_favor.txt;93;25;25,00;20,00;72,00;36,00;8,00;8,00;4,00;0,00;4,00;4,00;0,00;4,00;8,00;20,00;4,00;0,00;0,00;4,00;0,00;8,00;4,00;0,00;4,00;4,00;4,00;12,00;0,00;0,00;12,00;16,00;4,00;12,00;8,00;4,00;4,00;28,00;4,00;4,00;4,00;4,00;0,00;8,00;12,00;0,00;16,00;0,00;4,00;12,00;4,00;4,00;0,00;0,00;8,00;20,00;16,00;4,00;4,00;0,00;4,00;4,00;0,00;0,00;0,00;0,00;0,00;0,00;0,00;24,00;0,00;0,00;0,00;0,00;0,00;0,00;0,00;0,00;8,00;0,00;16,00
governo-temer_df_texto_favor.txt;94;77;77,00;67,53;31,17;19,48;9,09;6,49;1,30;0,00;5,19;5,19;0,00;7,79;5,19;3,90;1,30;2,60;1,30;0,00;2,60;7,79;3,90;0,00;1,30;0,00;1,30;7,79;0,00;1,30;2,60;1,30;0,00;1,30;0,00;0,00;0,00;14,29;2,60;0,00;0,00;0,00;0,00;0,00;9,09;0,00;3,90;0,00;1,30;1,30;1,30;1,30;0,00;0,00;1,30;6,49;1,30;9,09;1,30;1,30;1,30;1,30;0,00;0,00;0,00;0,00;0,00;3,90;0,00;76,62;0,00;0,00;0,00;0,00;0,00;0,00;0,00;0,00;2,60;0,00;74,03
governo-temer_df_texto_favor.txt;95;2;2,00;50,00;50,00;50,00;50,00;50,00;0,00;0,00;50,00;50,00;0,00;50,00;50,00;0,00;0,00;0,00;0,00;0,00;0,00;0,00;0,00;0,00;0,00;0,00;0,00;50,00;0,00;0,00;0,00;0,00;0,00;0,00;0,00;0,00;0,00;0,00;0,00;0,00;0,00;0,00;0,00;0,00;0,00;0,00;0,00;0,00;0,00;0,00;0,00;0,00;0,00;0,00;0,00;0,00;0,00;0,00;0,00;0,00;0,00;0,00;0,00;0,00;0,00;0,00;0,00;0,00;0,00;200,00;0,00;0,00;0,00;0,00;0,00;0,00;0,00;0,00;100,00;0,00;100,00
governo-temer_df_texto_favor.txt;96;21;21,00;23,81;71,43;38,10;14,29;9,52;4,76;0,00;4,76;4,76;0,00;9,52;4,76;4,76;0,00;0,00;4,76;0,00;0,00;9,52;9,52;9,52;4,76;0,00;9,52;19,05;0,00;0,00;14,29;9,52;0,00;9,52;0,00;4,76;9,52;38,10;4,76;4,76;9,52;14,29;4,76;4,76;9,52;14,29;9,52;0,00;4,76;4,76;9,52;4,76;4,76;0,00;0,00;0,00;0,00;9,52;4,76;0,00;0,00;0,00;0,00;4,76;0,00;0,00;0,00;4,76;0,00;47,62;4,76;4,76;4,76;0,00;0,00;0,00;0,00;9,52;9,52;0,00;14,29
governo-temer_df_texto_favor.txt;97;10;10,00;20,00;90,00;50,00;20,00;20,00;10,00;0,00;10,00;10,00;0,00;10,00;10,00;10,00;0,00;0,00;20,00;0,00;0,00;20,00;10,00;0,00;0,00;0,00;0,00;10,00;0,00;0,00;0,00;0,00;0,00;0,00;0,00;0,00;0,00;30,00;0,00;0,00;0,00;0,00;0,00;10,00;20,00;0,00;0,00;0,00;0,00;0,00;10,00;0,00;0,00;0,00;20,00;40,00;20,00;30,00;10,00;10,00;10,00;0,00;0,00;0,00;0,00;0,00;0,00;0,00;0,00;30,00;0,00;0,00;0,00;0,00;0,00;0,00;0,00;0,00;20,00;0,00;10,00
governo-temer_df_texto_favor.txt;98;3;3,00;100,00;66,67;0,00;0,00;0,00;0,00;0,00;0,00;0,00;0,00;0,00;0,00;0,00;0,00;0,00;0,00;0,00;0,00;0,00;0,00;0,00;0,00;0,00;0,00;0,00;0,00;0,00;0,00;0,00;0,00;0,00;0,00;0,00;0,00;33,33;0,00;33,33;0,00;0,00;0,00;33,33;0,00;0,00;0,00;0,00;0,00;0,00;0,00;0,00;0,00;0,00;0,00;33,33;33,33;0,00;0,00;33,33;0,00;0,00;0,00;0,00;0,00;0,00;0,00;0,00;0,00;100,00;0,00;0,00;0,00;0,00;0,00;0,00;0,00;0,00;66,67;0,00;33,33
governo-temer_df_texto_favor.txt;99;3;3,00;33,33;0,00;0,00;0,00;0,00;0,00;0,00;0,00;0,00;0,00;0,00;0,00;0,00;0,00;0,00;0,00;0,00;0,00;0,00;0,00;0,00;0,00;0,00;0,00;0,00;0,00;0,00;0,00;0,00;0,00;0,00;0,00;0,00;0,00;0,00;0,00;0,00;0,00;0,00;0,00;0,00;0,00;0,00;0,00;0,00;0,00;0,00;0,00;0,00;0,00;0,00;0,00;0,00;0,00;0,00;0,00;0,00;0,00;0,00;0,00;0,00;0,00;0,00;0,00;0,00;0,00;200,00;0,00;0,00;33,33;0,00;0,00;0,00;0,00;0,00;66,67;0,00;100,00
governo-temer_df_texto_favor.txt;100;29;29,00;13,79;79,31;41,38;17,24;6,90;0,00;0,00;6,90;6,90;0,00;17,24;6,90;10,34;6,90;0,00;6,90;0,00;6,90;17,24;10,34;3,45;0,00;0,00;3,45;20,69;0,00;0,00;13,79;20,69;13,79;6,90;6,90;0,00;0,00;48,28;13,79;0,00;10,34;10,34;0,00;6,90;17,24;17,24;0,00;0,00;0,00;0,00;6,90;3,45;0,00;3,45;0,00;13,79;0,00;10,34;3,45;0,00;0,00;0,00;0,00;3,45;0,00;0,00;0,00;10,34;0,00;20,69;0,00;0,00;3,45;0,00;0,00;0,00;0,00;0,00;6,90;0,00;10,34
governo-temer_df_texto_favor.txt;101;3;3,00;33,33;0,00;0,00;0,00;0,00;0,00;0,00;0,00;0,00;0,00;0,00;0,00;0,00;0,00;0,00;0,00;0,00;0,00;0,00;0,00;0,00;0,00;0,00;0,00;0,00;0,00;0,00;0,00;0,00;0,00;0,00;0,00;0,00;0,00;0,00;0,00;0,00;0,00;0,00;0,00;0,00;0,00;0,00;0,00;0,00;0,00;0,00;0,00;0,00;0,00;0,00;0,00;0,00;0,00;0,00;0,00;0,00;0,00;0,00;0,00;0,00;0,00;0,00;0,00;0,00;0,00;200,00;0,00;0,00;33,33;0,00;0,00;0,00;0,00;0,00;66,67;0,00;100,00
governo-temer_df_texto_favor.txt;102;6;6,00;33,33;83,33;50,00;16,67;0,00;0,00;0,00;0,00;0,00;0,00;16,67;0,00;33,33;33,33;16,67;16,67;0,00;0,00;16,67;0,00;0,00;0,00;0,00;0,00;0,00;0,00;0,00;0,00;16,67;0,00;16,67;0,00;0,00;0,00;16,67;0,00;0,00;0,00;0,00;0,00;0,00;16,67;16,67;16,67;0,00;0,00;0,00;0,00;0,00;0,00;0,00;16,67;50,00;16,67;16,67;0,00;0,00;16,67;0,00;0,00;0,00;0,00;0,00;0,00;0,00;0,00;50,00;0,00;0,00;0,00;0,00;0,00;0,00;0,00;0,00;33,33;0,00;16,67
governo-temer_df_texto_favor.txt;103;3;3,00;33,33;0,00;0,00;0,00;0,00;0,00;0,00;0,00;0,00;0,00;0,00;0,00;0,00;0,00;0,00;0,00;0,00;0,00;0,00;0,00;0,00;0,00;0,00;0,00;0,00;0,00;0,00;0,00;0,00;0,00;0,00;0,00;0,00;0,00;0,00;0,00;0,00;0,00;0,00;0,00;0,00;0,00;0,00;0,00;0,00;0,00;0,00;0,00;0,00;0,00;0,00;0,00;0,00;0,00;0,00;0,00;0,00;0,00;0,00;0,00;0,00;0,00;0,00;0,00;0,00;0,00;200,00;0,00;0,00;33,33;0,00;0,00;0,00;0,00;0,00;66,67;0,00;100,00
governo-temer_df_texto_favor.txt;104;5;5,00;20,00;0,00;0,00;0,00;0,00;0,00;0,00;0,00;0,00;0,00;0,00;0,00;0,00;0,00;0,00;0,00;0,00;0,00;0,00;0,00;0,00;0,00;0,00;0,00;0,00;0,00;0,00;0,00;0,00;0,00;0,00;0,00;0,00;0,00;0,00;0,00;0,00;0,00;0,00;0,00;0,00;0,00;0,00;0,00;0,00;0,00;0,00;0,00;0,00;0,00;0,00;0,00;0,00;0,00;0,00;0,00;0,00;0,00;0,00;0,00;0,00;0,00;0,00;0,00;0,00;0,00;160,00;0,00;0,00;40,00;0,00;0,00;0,00;0,00;0,00;40,00;0,00;80,00
governo-temer_df_texto_favor.txt;105;5;5,00;20,00;0,00;0,00;0,00;0,00;0,00;0,00;0,00;0,00;0,00;0,00;0,00;0,00;0,00;0,00;0,00;0,00;0,00;0,00;0,00;0,00;0,00;0,00;0,00;0,00;0,00;0,00;0,00;0,00;0,00;0,00;0,00;0,00;0,00;0,00;0,00;0,00;0,00;0,00;0,00;0,00;0,00;0,00;0,00;0,00;0,00;0,00;0,00;0,00;0,00;0,00;0,00;0,00;0,00;0,00;0,00;0,00;0,00;0,00;0,00;0,00;0,00;0,00;0,00;0,00;0,00;160,00;0,00;0,00;40,00;0,00;0,00;0,00;0,00;0,00;40,00;0,00;80,00
governo-temer_df_texto_favor.txt;106;4;4,00;50,00;0,00;0,00;0,00;0,00;0,00;0,00;0,00;0,00;0,00;0,00;0,00;0,00;0,00;0,00;0,00;0,00;0,00;0,00;0,00;0,00;0,00;0,00;0,00;0,00;0,00;0,00;0,00;0,00;0,00;0,00;0,00;0,00;0,00;0,00;0,00;0,00;0,00;0,00;0,00;0,00;0,00;0,00;0,00;0,00;0,00;0,00;0,00;0,00;0,00;0,00;0,00;0,00;0,00;0,00;0,00;0,00;0,00;0,00;0,00;0,00;0,00;0,00;0,00;0,00;0,00;150,00;0,00;0,00;25,00;0,00;0,00;0,00;0,00;0,00;50,00;0,00;75,00
governo-temer_df_texto_favor.txt;107;5;5,00;20,00;0,00;0,00;0,00;0,00;0,00;0,00;0,00;0,00;0,00;0,00;0,00;0,00;0,00;0,00;0,00;0,00;0,00;0,00;0,00;0,00;0,00;0,00;0,00;0,00;0,00;0,00;0,00;0,00;0,00;0,00;0,00;0,00;0,00;0,00;0,00;0,00;0,00;0,00;0,00;0,00;0,00;0,00;0,00;0,00;0,00;0,00;0,00;0,00;0,00;0,00;0,00;0,00;0,00;0,00;0,00;0,00;0,00;0,00;0,00;0,00;0,00;0,00;0,00;0,00;0,00;160,00;0,00;0,00;40,00;0,00;0,00;0,00;0,00;0,00;40,00;0,00;80,00
governo-temer_df_texto_favor.txt;108;5;5,00;20,00;0,00;0,00;0,00;0,00;0,00;0,00;0,00;0,00;0,00;0,00;0,00;0,00;0,00;0,00;0,00;0,00;0,00;0,00;0,00;0,00;0,00;0,00;0,00;0,00;0,00;0,00;0,00;0,00;0,00;0,00;0,00;0,00;0,00;0,00;0,00;0,00;0,00;0,00;0,00;0,00;0,00;0,00;0,00;0,00;0,00;0,00;0,00;0,00;0,00;0,00;0,00;0,00;0,00;0,00;0,00;0,00;0,00;0,00;0,00;0,00;0,00;0,00;0,00;0,00;0,00;160,00;0,00;0,00;40,00;0,00;0,00;0,00;0,00;0,00;40,00;0,00;80,00
governo-temer_df_texto_favor.txt;109;5;5,00;20,00;0,00;0,00;0,00;0,00;0,00;0,00;0,00;0,00;0,00;0,00;0,00;0,00;0,00;0,00;0,00;0,00;0,00;0,00;0,00;0,00;0,00;0,00;0,00;0,00;0,00;0,00;0,00;0,00;0,00;0,00;0,00;0,00;0,00;0,00;0,00;0,00;0,00;0,00;0,00;0,00;0,00;0,00;0,00;0,00;0,00;0,00;0,00;0,00;0,00;0,00;0,00;0,00;0,00;0,00;0,00;0,00;0,00;0,00;0,00;0,00;0,00;0,00;0,00;0,00;0,00;160,00;0,00;0,00;40,00;0,00;0,00;0,00;0,00;0,00;40,00;0,00;80,00
governo-temer_df_texto_favor.txt;110;5;5,00;20,00;0,00;0,00;0,00;0,00;0,00;0,00;0,00;0,00;0,00;0,00;0,00;0,00;0,00;0,00;0,00;0,00;0,00;0,00;0,00;0,00;0,00;0,00;0,00;0,00;0,00;0,00;0,00;0,00;0,00;0,00;0,00;0,00;0,00;0,00;0,00;0,00;0,00;0,00;0,00;0,00;0,00;0,00;0,00;0,00;0,00;0,00;0,00;0,00;0,00;0,00;0,00;0,00;0,00;0,00;0,00;0,00;0,00;0,00;0,00;0,00;0,00;0,00;0,00;0,00;0,00;160,00;0,00;0,00;40,00;0,00;0,00;0,00;0,00;0,00;40,00;0,00;80,00
governo-temer_df_texto_favor.txt;111;3;3,00;33,33;0,00;0,00;0,00;0,00;0,00;0,00;0,00;0,00;0,00;0,00;0,00;0,00;0,00;0,00;0,00;0,00;0,00;0,00;0,00;0,00;0,00;0,00;0,00;0,00;0,00;0,00;0,00;0,00;0,00;0,00;0,00;0,00;0,00;0,00;0,00;0,00;0,00;0,00;0,00;0,00;0,00;0,00;0,00;0,00;0,00;0,00;0,00;0,00;0,00;0,00;0,00;0,00;0,00;0,00;0,00;0,00;0,00;0,00;0,00;0,00;0,00;0,00;0,00;0,00;0,00;200,00;0,00;0,00;33,33;0,00;0,00;0,00;0,00;0,00;66,67;0,00;100,00
governo-temer_df_texto_favor.txt;112;5;5,00;20,00;0,00;0,00;0,00;0,00;0,00;0,00;0,00;0,00;0,00;0,00;0,00;0,00;0,00;0,00;0,00;0,00;0,00;0,00;0,00;0,00;0,00;0,00;0,00;0,00;0,00;0,00;0,00;0,00;0,00;0,00;0,00;0,00;0,00;0,00;0,00;0,00;0,00;0,00;0,00;0,00;0,00;0,00;0,00;0,00;0,00;0,00;0,00;0,00;0,00;0,00;0,00;0,00;0,00;0,00;0,00;0,00;0,00;0,00;0,00;0,00;0,00;0,00;0,00;0,00;0,00;160,00;0,00;0,00;40,00;0,00;0,00;0,00;0,00;0,00;40,00;0,00;80,00
governo-temer_df_texto_favor.txt;113;5;5,00;20,00;0,00;0,00;0,00;0,00;0,00;0,00;0,00;0,00;0,00;0,00;0,00;0,00;0,00;0,00;0,00;0,00;0,00;0,00;0,00;0,00;0,00;0,00;0,00;0,00;0,00;0,00;0,00;0,00;0,00;0,00;0,00;0,00;0,00;0,00;0,00;0,00;0,00;0,00;0,00;0,00;0,00;0,00;0,00;0,00;0,00;0,00;0,00;0,00;0,00;0,00;0,00;0,00;0,00;0,00;0,00;0,00;0,00;0,00;0,00;0,00;0,00;0,00;0,00;0,00;0,00;160,00;0,00;0,00;40,00;0,00;0,00;0,00;0,00;0,00;40,00;0,00;80,00
governo-temer_df_texto_favor.txt;114;5;5,00;20,00;0,00;0,00;0,00;0,00;0,00;0,00;0,00;0,00;0,00;0,00;0,00;0,00;0,00;0,00;0,00;0,00;0,00;0,00;0,00;0,00;0,00;0,00;0,00;0,00;0,00;0,00;0,00;0,00;0,00;0,00;0,00;0,00;0,00;0,00;0,00;0,00;0,00;0,00;0,00;0,00;0,00;0,00;0,00;0,00;0,00;0,00;0,00;0,00;0,00;0,00;0,00;0,00;0,00;0,00;0,00;0,00;0,00;0,00;0,00;0,00;0,00;0,00;0,00;0,00;0,00;160,00;0,00;0,00;40,00;0,00;0,00;0,00;0,00;0,00;40,00;0,00;80,00
governo-temer_df_texto_favor.txt;115;5;5,00;20,00;0,00;0,00;0,00;0,00;0,00;0,00;0,00;0,00;0,00;0,00;0,00;0,00;0,00;0,00;0,00;0,00;0,00;0,00;0,00;0,00;0,00;0,00;0,00;0,00;0,00;0,00;0,00;0,00;0,00;0,00;0,00;0,00;0,00;0,00;0,00;0,00;0,00;0,00;0,00;0,00;0,00;0,00;0,00;0,00;0,00;0,00;0,00;0,00;0,00;0,00;0,00;0,00;0,00;0,00;0,00;0,00;0,00;0,00;0,00;0,00;0,00;0,00;0,00;0,00;0,00;160,00;0,00;0,00;40,00;0,00;0,00;0,00;0,00;0,00;40,00;0,00;80,00
governo-temer_df_texto_favor.txt;116;5;5,00;20,00;0,00;0,00;0,00;0,00;0,00;0,00;0,00;0,00;0,00;0,00;0,00;0,00;0,00;0,00;0,00;0,00;0,00;0,00;0,00;0,00;0,00;0,00;0,00;0,00;0,00;0,00;0,00;0,00;0,00;0,00;0,00;0,00;0,00;0,00;0,00;0,00;0,00;0,00;0,00;0,00;0,00;0,00;0,00;0,00;0,00;0,00;0,00;0,00;0,00;0,00;0,00;0,00;0,00;0,00;0,00;0,00;0,00;0,00;0,00;0,00;0,00;0,00;0,00;0,00;0,00;160,00;0,00;0,00;40,00;0,00;0,00;0,00;0,00;0,00;40,00;0,00;80,00
governo-temer_df_texto_favor.txt;117;5;5,00;20,00;0,00;0,00;0,00;0,00;0,00;0,00;0,00;0,00;0,00;0,00;0,00;0,00;0,00;0,00;0,00;0,00;0,00;0,00;0,00;0,00;0,00;0,00;0,00;0,00;0,00;0,00;0,00;0,00;0,00;0,00;0,00;0,00;0,00;0,00;0,00;0,00;0,00;0,00;0,00;0,00;0,00;0,00;0,00;0,00;0,00;0,00;0,00;0,00;0,00;0,00;0,00;0,00;0,00;0,00;0,00;0,00;0,00;0,00;0,00;0,00;0,00;0,00;0,00;0,00;0,00;160,00;0,00;0,00;40,00;0,00;0,00;0,00;0,00;0,00;40,00;0,00;80,00
governo-temer_df_texto_favor.txt;118;5;5,00;20,00;0,00;0,00;0,00;0,00;0,00;0,00;0,00;0,00;0,00;0,00;0,00;0,00;0,00;0,00;0,00;0,00;0,00;0,00;0,00;0,00;0,00;0,00;0,00;0,00;0,00;0,00;0,00;0,00;0,00;0,00;0,00;0,00;0,00;0,00;0,00;0,00;0,00;0,00;0,00;0,00;0,00;0,00;0,00;0,00;0,00;0,00;0,00;0,00;0,00;0,00;0,00;0,00;0,00;0,00;0,00;0,00;0,00;0,00;0,00;0,00;0,00;0,00;0,00;0,00;0,00;160,00;0,00;0,00;40,00;0,00;0,00;0,00;0,00;0,00;40,00;0,00;80,00
governo-temer_df_texto_favor.txt;119;5;5,00;20,00;0,00;0,00;0,00;0,00;0,00;0,00;0,00;0,00;0,00;0,00;0,00;0,00;0,00;0,00;0,00;0,00;0,00;0,00;0,00;0,00;0,00;0,00;0,00;0,00;0,00;0,00;0,00;0,00;0,00;0,00;0,00;0,00;0,00;0,00;0,00;0,00;0,00;0,00;0,00;0,00;0,00;0,00;0,00;0,00;0,00;0,00;0,00;0,00;0,00;0,00;0,00;0,00;0,00;0,00;0,00;0,00;0,00;0,00;0,00;0,00;0,00;0,00;0,00;0,00;0,00;160,00;0,00;0,00;40,00;0,00;0,00;0,00;0,00;0,00;40,00;0,00;80,00
governo-temer_df_texto_favor.txt;120;5;5,00;20,00;0,00;0,00;0,00;0,00;0,00;0,00;0,00;0,00;0,00;0,00;0,00;0,00;0,00;0,00;0,00;0,00;0,00;0,00;0,00;0,00;0,00;0,00;0,00;0,00;0,00;0,00;0,00;0,00;0,00;0,00;0,00;0,00;0,00;0,00;0,00;0,00;0,00;0,00;0,00;0,00;0,00;0,00;0,00;0,00;0,00;0,00;0,00;0,00;0,00;0,00;0,00;0,00;0,00;0,00;0,00;0,00;0,00;0,00;0,00;0,00;0,00;0,00;0,00;0,00;0,00;160,00;0,00;0,00;40,00;0,00;0,00;0,00;0,00;0,00;40,00;0,00;80,00
governo-temer_df_texto_favor.txt;121;5;5,00;20,00;0,00;0,00;0,00;0,00;0,00;0,00;0,00;0,00;0,00;0,00;0,00;0,00;0,00;0,00;0,00;0,00;0,00;0,00;0,00;0,00;0,00;0,00;0,00;0,00;0,00;0,00;0,00;0,00;0,00;0,00;0,00;0,00;0,00;0,00;0,00;0,00;0,00;0,00;0,00;0,00;0,00;0,00;0,00;0,00;0,00;0,00;0,00;0,00;0,00;0,00;0,00;0,00;0,00;0,00;0,00;0,00;0,00;0,00;0,00;0,00;0,00;0,00;0,00;0,00;0,00;120,00;0,00;0,00;20,00;0,00;0,00;0,00;0,00;0,00;40,00;0,00;60,00
governo-temer_df_texto_favor.txt;122;3;3,00;33,33;0,00;0,00;0,00;0,00;0,00;0,00;0,00;0,00;0,00;0,00;0,00;0,00;0,00;0,00;0,00;0,00;0,00;0,00;0,00;0,00;0,00;0,00;0,00;0,00;0,00;0,00;0,00;0,00;0,00;0,00;0,00;0,00;0,00;0,00;0,00;0,00;0,00;0,00;0,00;0,00;0,00;0,00;0,00;0,00;0,00;0,00;0,00;0,00;0,00;0,00;0,00;0,00;0,00;0,00;0,00;0,00;0,00;0,00;0,00;0,00;0,00;0,00;0,00;0,00;0,00;200,00;0,00;0,00;33,33;0,00;0,00;0,00;0,00;0,00;66,67;0,00;100,00
governo-temer_df_texto_favor.txt;123;5;5,00;40,00;0,00;0,00;0,00;0,00;0,00;0,00;0,00;0,00;0,00;0,00;0,00;0,00;0,00;0,00;0,00;0,00;0,00;0,00;0,00;0,00;0,00;0,00;0,00;0,00;0,00;0,00;0,00;0,00;0,00;0,00;0,00;0,00;0,00;0,00;0,00;0,00;0,00;0,00;0,00;0,00;0,00;0,00;0,00;0,00;0,00;0,00;0,00;0,00;0,00;0,00;0,00;0,00;0,00;0,00;0,00;0,00;0,00;0,00;0,00;0,00;0,00;0,00;0,00;0,00;0,00;160,00;0,00;0,00;40,00;0,00;0,00;0,00;0,00;0,00;40,00;0,00;80,00
governo-temer_df_texto_favor.txt;124;7;7,00;28,57;85,71;28,57;14,29;14,29;0,00;0,00;14,29;14,29;0,00;14,29;14,29;28,57;0,00;14,29;14,29;0,00;0,00;14,29;0,00;0,00;0,00;0,00;14,29;14,29;0,00;0,00;14,29;28,57;14,29;0,00;0,00;0,00;0,00;71,43;28,57;28,57;0,00;0,00;0,00;28,57;14,29;0,00;14,29;14,29;0,00;0,00;0,00;0,00;0,00;0,00;0,00;28,57;0,00;0,00;28,57;14,29;14,29;0,00;0,00;0,00;0,00;0,00;0,00;0,00;0,00;28,57;0,00;0,00;0,00;0,00;0,00;0,00;0,00;0,00;28,57;0,00;0,00
governo-temer_df_texto_favor.txt;125;3;3,00;33,33;0,00;0,00;0,00;0,00;0,00;0,00;0,00;0,00;0,00;0,00;0,00;0,00;0,00;0,00;0,00;0,00;0,00;0,00;0,00;0,00;0,00;0,00;0,00;0,00;0,00;0,00;0,00;0,00;0,00;0,00;0,00;0,00;0,00;0,00;0,00;0,00;0,00;0,00;0,00;0,00;0,00;0,00;0,00;0,00;0,00;0,00;0,00;0,00;0,00;0,00;0,00;0,00;0,00;0,00;0,00;0,00;0,00;0,00;0,00;0,00;0,00;0,00;0,00;0,00;0,00;200,00;0,00;0,00;33,33;0,00;0,00;0,00;0,00;0,00;66,67;0,00;100,00
governo-temer_df_texto_favor.txt;126;5;5,00;40,00;0,00;0,00;0,00;0,00;0,00;0,00;0,00;0,00;0,00;0,00;0,00;0,00;0,00;0,00;0,00;0,00;0,00;0,00;0,00;0,00;0,00;0,00;0,00;0,00;0,00;0,00;0,00;0,00;0,00;0,00;0,00;0,00;0,00;0,00;0,00;0,00;0,00;0,00;0,00;0,00;0,00;0,00;0,00;0,00;0,00;0,00;0,00;0,00;0,00;0,00;0,00;0,00;0,00;0,00;0,00;0,00;0,00;0,00;0,00;0,00;0,00;0,00;0,00;0,00;0,00;160,00;0,00;0,00;40,00;0,00;0,00;0,00;0,00;0,00;40,00;0,00;80,00
governo-temer_df_texto_favor.txt;127;3;3,00;33,33;0,00;0,00;0,00;0,00;0,00;0,00;0,00;0,00;0,00;0,00;0,00;0,00;0,00;0,00;0,00;0,00;0,00;0,00;0,00;0,00;0,00;0,00;0,00;0,00;0,00;0,00;0,00;0,00;0,00;0,00;0,00;0,00;0,00;0,00;0,00;0,00;0,00;0,00;0,00;0,00;0,00;0,00;0,00;0,00;0,00;0,00;0,00;0,00;0,00;0,00;0,00;0,00;0,00;0,00;0,00;0,00;0,00;0,00;0,00;0,00;0,00;0,00;0,00;0,00;0,00;200,00;0,00;0,00;33,33;0,00;0,00;0,00;0,00;0,00;66,67;0,00;100,00
governo-temer_df_texto_favor.txt;128;5;5,00;40,00;0,00;0,00;0,00;0,00;0,00;0,00;0,00;0,00;0,00;0,00;0,00;0,00;0,00;0,00;0,00;0,00;0,00;0,00;0,00;0,00;0,00;0,00;0,00;0,00;0,00;0,00;0,00;0,00;0,00;0,00;0,00;0,00;0,00;0,00;0,00;0,00;0,00;0,00;0,00;0,00;0,00;0,00;0,00;0,00;0,00;0,00;0,00;0,00;0,00;0,00;0,00;0,00;0,00;0,00;0,00;0,00;0,00;0,00;0,00;0,00;0,00;0,00;0,00;0,00;0,00;160,00;0,00;0,00;40,00;0,00;0,00;0,00;0,00;0,00;40,00;0,00;80,00
governo-temer_df_texto_favor.txt;129;6;6,00;0,00;16,67;16,67;0,00;0,00;0,00;0,00;0,00;0,00;0,00;0,00;0,00;0,00;0,00;0,00;0,00;0,00;0,00;0,00;0,00;0,00;0,00;0,00;0,00;0,00;0,00;0,00;0,00;16,67;16,67;0,00;0,00;0,00;0,00;0,00;0,00;0,00;0,00;0,00;0,00;0,00;0,00;0,00;0,00;0,00;0,00;0,00;0,00;0,00;0,00;0,00;0,00;0,00;0,00;0,00;0,00;0,00;0,00;0,00;0,00;0,00;0,00;0,00;0,00;0,00;0,00;116,67;0,00;0,00;16,67;0,00;0,00;0,00;0,00;0,00;33,33;0,00;66,67
governo-temer_df_texto_favor.txt;130;1;1,00;0,00;0,00;0,00;0,00;0,00;0,00;0,00;0,00;0,00;0,00;0,00;0,00;0,00;0,00;0,00;0,00;0,00;0,00;0,00;0,00;0,00;0,00;0,00;0,00;0,00;0,00;0,00;0,00;0,00;0,00;0,00;0,00;0,00;0,00;0,00;0,00;0,00;0,00;0,00;0,00;0,00;0,00;0,00;0,00;0,00;0,00;0,00;0,00;0,00;0,00;0,00;0,00;0,00;0,00;0,00;0,00;0,00;0,00;0,00;0,00;0,00;0,00;0,00;0,00;0,00;0,00;300,00;0,00;0,00;0,00;0,00;0,00;0,00;0,00;0,00;200,00;0,00;100,00
governo-temer_df_texto_favor.txt;131;10;10,00;20,00;80,00;30,00;10,00;10,00;0,00;0,00;10,00;10,00;0,00;10,00;10,00;30,00;0,00;0,00;10,00;0,00;0,00;30,00;0,00;0,00;0,00;10,00;0,00;10,00;0,00;0,00;0,00;10,00;10,00;0,00;0,00;0,00;0,00;40,00;10,00;0,00;0,00;0,00;0,00;0,00;30,00;0,00;10,00;10,00;0,00;0,00;0,00;0,00;0,00;0,00;10,00;40,00;10,00;20,00;10,00;0,00;10,00;0,00;0,00;0,00;10,00;0,00;0,00;10,00;0,00;20,00;0,00;0,00;0,00;0,00;0,00;0,00;0,00;0,00;20,00;0,00;0,00
governo-temer_df_texto_favor.txt;132;1;1,00;100,00;0,00;0,00;0,00;0,00;0,00;0,00;0,00;0,00;0,00;0,00;0,00;0,00;0,00;0,00;0,00;0,00;0,00;0,00;0,00;0,00;0,00;0,00;0,00;0,00;0,00;0,00;0,00;0,00;0,00;0,00;0,00;0,00;0,00;0,00;0,00;0,00;0,00;0,00;0,00;0,00;0,00;0,00;0,00;0,00;0,00;0,00;0,00;0,00;0,00;0,00;0,00;0,00;0,00;0,00;0,00;0,00;0,00;0,00;0,00;0,00;0,00;0,00;0,00;0,00;0,00;300,00;0,00;0,00;0,00;0,00;0,00;0,00;0,00;0,00;200,00;0,00;100,00
governo-temer_df_texto_favor.txt;133;12;12,00;16,67;75,00;50,00;16,67;8,33;0,00;0,00;8,33;8,33;0,00;16,67;8,33;16,67;8,33;0,00;16,67;0,00;8,33;0,00;16,67;8,33;0,00;0,00;0,00;16,67;0,00;0,00;16,67;25,00;8,33;16,67;8,33;0,00;0,00;41,67;8,33;0,00;16,67;8,33;0,00;8,33;8,33;25,00;8,33;0,00;0,00;0,00;8,33;8,33;0,00;0,00;8,33;8,33;8,33;8,33;0,00;0,00;16,67;0,00;0,00;8,33;0,00;0,00;0,00;0,00;0,00;33,33;0,00;0,00;0,00;0,00;0,00;0,00;0,00;0,00;16,67;0,00;16,67
governo-temer_df_texto_favor.txt;134;17;17,00;11,76;64,71;41,18;17,65;11,76;11,76;0,00;0,00;0,00;0,00;5,88;0,00;17,65;0,00;5,88;0,00;0,00;0,00;17,65;5,88;5,88;0,00;0,00;11,76;17,65;0,00;5,88;11,76;11,76;5,88;5,88;0,00;5,88;0,00;11,76;5,88;0,00;0,00;0,00;0,00;0,00;5,88;0,00;17,65;5,88;5,88;0,00;5,88;0,00;0,00;5,88;0,00;5,88;0,00;0,00;5,88;0,00;0,00;0,00;0,00;0,00;0,00;0,00;0,00;0,00;0,00;35,29;0,00;0,00;5,88;0,00;0,00;0,00;0,00;0,00;11,76;0,00;17,65
governo-temer_df_texto_favor.txt;135;14;14,00;42,86;57,14;28,57;28,57;14,29;0,00;0,00;14,29;14,29;0,00;28,57;14,29;14,29;0,00;14,29;0,00;0,00;0,00;7,14;7,14;0,00;0,00;0,00;7,14;21,43;0,00;0,00;0,00;14,29;7,14;7,14;0,00;7,14;0,00;28,57;7,14;7,14;7,14;14,29;0,00;7,14;7,14;7,14;14,29;7,14;0,00;7,14;0,00;0,00;0,00;0,00;0,00;14,29;7,14;7,14;0,00;0,00;0,00;7,14;0,00;0,00;0,00;0,00;0,00;7,14;0,00;42,86;0,00;0,00;7,14;0,00;0,00;0,00;0,00;0,00;14,29;0,00;21,43
governo-temer_df_texto_favor.txt;136;1;1,00;100,00;0,00;0,00;0,00;0,00;0,00;0,00;0,00;0,00;0,00;0,00;0,00;0,00;0,00;0,00;0,00;0,00;0,00;0,00;0,00;0,00;0,00;0,00;0,00;0,00;0,00;0,00;0,00;0,00;0,00;0,00;0,00;0,00;0,00;0,00;0,00;0,00;0,00;0,00;0,00;0,00;0,00;0,00;0,00;0,00;0,00;0,00;0,00;0,00;0,00;0,00;0,00;0,00;0,00;0,00;0,00;0,00;0,00;0,00;0,00;0,00;0,00;0,00;0,00;0,00;0,00;300,00;0,00;0,00;0,00;0,00;0,00;0,00;0,00;0,00;200,00;0,00;100,00
governo-temer_df_texto_favor.txt;137;3;3,00;33,33;0,00;0,00;0,00;0,00;0,00;0,00;0,00;0,00;0,00;0,00;0,00;0,00;0,00;0,00;0,00;0,00;0,00;0,00;0,00;0,00;0,00;0,00;0,00;0,00;0,00;0,00;0,00;0,00;0,00;0,00;0,00;0,00;0,00;0,00;0,00;0,00;0,00;0,00;0,00;0,00;0,00;0,00;0,00;0,00;0,00;0,00;0,00;0,00;0,00;0,00;0,00;0,00;0,00;0,00;0,00;0,00;0,00;0,00;0,00;0,00;0,00;0,00;0,00;0,00;0,00;200,00;0,00;0,00;33,33;0,00;0,00;0,00;0,00;0,00;66,67;0,00;100,00
governo-temer_df_texto_favor.txt;138;3;3,00;33,33;0,00;0,00;0,00;0,00;0,00;0,00;0,00;0,00;0,00;0,00;0,00;0,00;0,00;0,00;0,00;0,00;0,00;0,00;0,00;0,00;0,00;0,00;0,00;0,00;0,00;0,00;0,00;0,00;0,00;0,00;0,00;0,00;0,00;0,00;0,00;0,00;0,00;0,00;0,00;0,00;0,00;0,00;0,00;0,00;0,00;0,00;0,00;0,00;0,00;0,00;0,00;0,00;0,00;0,00;0,00;0,00;0,00;0,00;0,00;0,00;0,00;0,00;0,00;0,00;0,00;200,00;0,00;0,00;33,33;0,00;0,00;0,00;0,00;0,00;66,67;0,00;100,00
governo-temer_df_texto_favor.txt;139;12;12,00;41,67;50,00;33,33;16,67;8,33;0,00;0,00;8,33;0,00;0,00;8,33;0,00;0,00;0,00;8,33;0,00;0,00;0,00;8,33;0,00;0,00;0,00;0,00;8,33;8,33;0,00;0,00;0,00;0,00;0,00;0,00;0,00;0,00;0,00;8,33;0,00;0,00;0,00;0,00;0,00;0,00;8,33;0,00;0,00;0,00;0,00;0,00;0,00;0,00;0,00;0,00;0,00;0,00;0,00;0,00;8,33;0,00;8,33;0,00;0,00;0,00;0,00;0,00;0,00;0,00;0,00;58,33;0,00;0,00;8,33;0,00;0,00;0,00;0,00;0,00;16,67;0,00;33,33
governo-temer_df_texto_favor.txt;140;3;3,00;33,33;0,00;0,00;0,00;0,00;0,00;0,00;0,00;0,00;0,00;0,00;0,00;0,00;0,00;0,00;0,00;0,00;0,00;0,00;0,00;0,00;0,00;0,00;0,00;0,00;0,00;0,00;0,00;0,00;0,00;0,00;0,00;0,00;0,00;0,00;0,00;0,00;0,00;0,00;0,00;0,00;0,00;0,00;0,00;0,00;0,00;0,00;0,00;0,00;0,00;0,00;0,00;0,00;0,00;0,00;0,00;0,00;0,00;0,00;0,00;0,00;0,00;0,00;0,00;0,00;0,00;200,00;0,00;0,00;33,33;0,00;0,00;0,00;0,00;0,00;66,67;0,00;100,00
governo-temer_df_texto_favor.txt;141;3;3,00;33,33;0,00;0,00;0,00;0,00;0,00;0,00;0,00;0,00;0,00;0,00;0,00;0,00;0,00;0,00;0,00;0,00;0,00;0,00;0,00;0,00;0,00;0,00;0,00;0,00;0,00;0,00;0,00;0,00;0,00;0,00;0,00;0,00;0,00;0,00;0,00;0,00;0,00;0,00;0,00;0,00;0,00;0,00;0,00;0,00;0,00;0,00;0,00;0,00;0,00;0,00;0,00;0,00;0,00;0,00;0,00;0,00;0,00;0,00;0,00;0,00;0,00;0,00;0,00;0,00;0,00;200,00;0,00;0,00;33,33;0,00;0,00;0,00;0,00;0,00;66,67;0,00;100,00
governo-temer_df_texto_favor.txt;142;22;22,00;31,82;90,91;54,55;22,73;4,55;4,55;0,00;0,00;4,55;0,00;18,18;0,00;31,82;18,18;0,00;22,73;0,00;4,55;0,00;13,64;0,00;0,00;0,00;4,55;18,18;0,00;0,00;22,73;18,18;13,64;4,55;4,55;0,00;0,00;40,91;9,09;9,09;9,09;9,09;4,55;9,09;9,09;18,18;4,55;4,55;0,00;0,00;9,09;4,55;0,00;4,55;4,55;31,82;13,64;4,55;13,64;9,09;9,09;0,00;0,00;9,09;0,00;0,00;0,00;0,00;0,00;36,36;0,00;13,64;0,00;0,00;0,00;0,00;0,00;9,09;9,09;0,00;4,55
governo-temer_df_texto_favor.txt;143;3;3,00;33,33;0,00;0,00;0,00;0,00;0,00;0,00;0,00;0,00;0,00;0,00;0,00;0,00;0,00;0,00;0,00;0,00;0,00;0,00;0,00;0,00;0,00;0,00;0,00;0,00;0,00;0,00;0,00;0,00;0,00;0,00;0,00;0,00;0,00;0,00;0,00;0,00;0,00;0,00;0,00;0,00;0,00;0,00;0,00;0,00;0,00;0,00;0,00;0,00;0,00;0,00;0,00;0,00;0,00;0,00;0,00;0,00;0,00;0,00;0,00;0,00;0,00;0,00;0,00;0,00;0,00;200,00;0,00;0,00;33,33;0,00;0,00;0,00;0,00;0,00;66,67;0,00;100,00
governo-temer_df_texto_favor.txt;144;7;7,00;0,00;100,00;28,57;14,29;0,00;0,00;0,00;0,00;0,00;0,00;14,29;0,00;28,57;0,00;0,00;28,57;0,00;0,00;14,29;14,29;0,00;0,00;0,00;0,00;14,29;0,00;0,00;14,29;14,29;0,00;14,29;14,29;0,00;0,00;42,86;14,29;0,00;14,29;14,29;0,00;0,00;14,29;14,29;0,00;0,00;0,00;0,00;0,00;0,00;0,00;0,00;42,86;57,14;28,57;14,29;14,29;0,00;0,00;0,00;0,00;0,00;0,00;0,00;0,00;0,00;0,00;28,57;0,00;0,00;0,00;0,00;0,00;0,00;0,00;0,00;28,57;0,00;0,00
governo-temer_df_texto_favor.txt;145;18;18,00;27,78;72,22;27,78;11,11;11,11;0,00;0,00;5,56;5,56;5,56;5,56;5,56;11,11;0,00;0,00;11,11;0,00;0,00;11,11;11,11;0,00;0,00;5,56;0,00;11,11;0,00;0,00;5,56;16,67;16,67;0,00;0,00;0,00;0,00;33,33;5,56;5,56;5,56;5,56;0,00;16,67;22,22;5,56;0,00;0,00;0,00;0,00;5,56;0,00;0,00;5,56;11,11;38,89;5,56;22,22;5,56;0,00;0,00;0,00;0,00;0,00;0,00;0,00;0,00;0,00;0,00;16,67;0,00;0,00;0,00;5,56;0,00;0,00;0,00;0,00;11,11;0,00;0,00
governo-temer_df_texto_favor.txt;146;18;18,00;27,78;61,11;27,78;16,67;11,11;0,00;0,00;11,11;11,11;0,00;16,67;11,11;5,56;5,56;0,00;5,56;0,00;0,00;16,67;5,56;0,00;0,00;0,00;16,67;16,67;5,56;11,11;0,00;5,56;0,00;5,56;0,00;0,00;0,00;27,78;5,56;0,00;5,56;5,56;0,00;5,56;16,67;5,56;0,00;0,00;0,00;0,00;5,56;5,56;0,00;0,00;5,56;16,67;0,00;16,67;16,67;0,00;0,00;0,00;0,00;5,56;0,00;0,00;0,00;11,11;0,00;50,00;5,56;0,00;5,56;0,00;0,00;0,00;0,00;0,00;11,11;0,00;27,78
governo-temer_df_texto_favor.txt;147;8;8,00;25,00;87,50;37,50;12,50;0,00;0,00;0,00;0,00;0,00;0,00;12,50;0,00;25,00;25,00;0,00;25,00;0,00;0,00;0,00;0,00;0,00;0,00;0,00;12,50;25,00;0,00;0,00;25,00;37,50;12,50;25,00;12,50;12,50;0,00;12,50;12,50;0,00;0,00;0,00;0,00;0,00;0,00;0,00;0,00;0,00;0,00;0,00;0,00;0,00;0,00;0,00;0,00;37,50;0,00;0,00;0,00;0,00;0,00;0,00;0,00;0,00;0,00;0,00;0,00;0,00;0,00;37,50;0,00;0,00;0,00;0,00;0,00;0,00;0,00;0,00;25,00;0,00;12,50
governo-temer_df_texto_favor.txt;148;17;17,00;47,06;76,47;29,41;17,65;17,65;0,00;0,00;17,65;11,76;5,88;11,76;11,76;11,76;0,00;0,00;5,88;0,00;0,00;5,88;5,88;0,00;0,00;0,00;5,88;23,53;0,00;0,00;5,88;17,65;5,88;11,76;0,00;5,88;5,88;29,41;11,76;11,76;5,88;0,00;0,00;5,88;5,88;0,00;0,00;0,00;0,00;0,00;11,76;5,88;5,88;0,00;5,88;17,65;0,00;5,88;11,76;11,76;11,76;0,00;0,00;0,00;0,00;0,00;0,00;0,00;0,00;35,29;0,00;0,00;5,88;0,00;0,00;0,00;0,00;0,00;11,76;0,00;17,65